0 verbose cli D:\Node.js\node.exe D:\Node.js\node_modules\npm\bin\npm-cli.js
1 info using npm@10.9.2
2 info using node@v22.13.1
3 silly config load:file:D:\Node.js\node_modules\npm\npmrc
4 silly config load:file:D:\portfolio-web\portfolio-web\.npmrc
5 silly config load:file:C:\Users\Rhesa Tsaqif\.npmrc
6 silly config load:file:C:\Users\Rhesa Tsaqif\AppData\Roaming\npm\etc\npmrc
7 verbose title npm exec shadcn@latest add skeleton -y
8 verbose argv "exec" "--" "shadcn@latest" "add" "skeleton" "-y"
9 verbose logfile logs-max:10 dir:D:\portfolio-web\portfolio-web\node_cache\_logs\2026-06-15T02_49_05_453Z-
10 verbose logfile D:\portfolio-web\portfolio-web\node_cache\_logs\2026-06-15T02_49_05_453Z-debug-0.log
11 silly logfile start cleaning logs, removing 1 files
12 silly logfile done cleaning log files
13 silly packumentCache heap:4345298944 maxSize:1086324736 maxEntrySize:543162368
14 http fetch GET 200 https://registry.npmjs.org/shadcn 457ms (cache miss)
15 silly packumentCache heap:4345298944 maxSize:1086324736 maxEntrySize:543162368
16 silly packumentCache heap:4345298944 maxSize:1086324736 maxEntrySize:543162368
17 warn exec The following package was not found and will be installed: shadcn@4.11.0
18 silly idealTree buildDeps
19 silly fetch manifest shadcn@4.11.0
20 silly packumentCache full:https://registry.npmjs.org/shadcn cache-miss
21 http fetch GET 200 https://registry.npmjs.org/shadcn 410ms (cache miss)
22 silly packumentCache full:https://registry.npmjs.org/shadcn set size:undefined disposed:false
23 silly placeDep ROOT shadcn@4.11.0 OK for:  want: 4.11.0
24 silly fetch manifest ora@^8.2.0
25 silly packumentCache full:https://registry.npmjs.org/ora cache-miss
26 silly fetch manifest zod@^3.24.1
27 silly packumentCache full:https://registry.npmjs.org/zod cache-miss
28 silly fetch manifest diff@^8.0.2
29 silly packumentCache full:https://registry.npmjs.org/diff cache-miss
30 silly fetch manifest open@^11.0.0
31 silly packumentCache full:https://registry.npmjs.org/open cache-miss
32 silly fetch manifest execa@^9.6.0
33 silly packumentCache full:https://registry.npmjs.org/execa cache-miss
34 silly fetch manifest kleur@^4.1.5
35 silly packumentCache full:https://registry.npmjs.org/kleur cache-miss
36 silly fetch manifest dedent@^1.6.0
37 silly packumentCache full:https://registry.npmjs.org/dedent cache-miss
38 silly fetch manifest recast@^0.23.11
39 silly packumentCache full:https://registry.npmjs.org/recast cache-miss
40 silly fetch manifest postcss@^8.5.6
41 silly packumentCache full:https://registry.npmjs.org/postcss cache-miss
42 silly fetch manifest prompts@^2.4.2
43 silly packumentCache full:https://registry.npmjs.org/prompts cache-miss
44 silly fetch manifest fs-extra@^11.3.1
45 silly packumentCache full:https://registry.npmjs.org/fs-extra cache-miss
46 silly fetch manifest ts-morph@^26.0.0
47 silly packumentCache full:https://registry.npmjs.org/ts-morph cache-miss
48 silly fetch manifest commander@^14.0.0
49 silly packumentCache full:https://registry.npmjs.org/commander cache-miss
50 silly fetch manifest deepmerge@^4.3.1
51 silly packumentCache full:https://registry.npmjs.org/deepmerge cache-miss
52 silly fetch manifest fast-glob@^3.3.3
53 silly packumentCache full:https://registry.npmjs.org/fast-glob cache-miss
54 http fetch GET 200 https://registry.npmjs.org/ora 1160ms (cache miss)
55 silly packumentCache full:https://registry.npmjs.org/ora set size:undefined disposed:false
56 silly fetch manifest fuzzysort@^3.1.0
57 silly packumentCache full:https://registry.npmjs.org/fuzzysort cache-miss
58 http fetch GET 200 https://registry.npmjs.org/dedent 1326ms (cache miss)
59 silly packumentCache full:https://registry.npmjs.org/dedent set size:undefined disposed:false
60 silly fetch manifest node-fetch@^3.3.2
61 silly packumentCache full:https://registry.npmjs.org/node-fetch cache-miss
62 http fetch GET 200 https://registry.npmjs.org/kleur 1387ms (cache miss)
63 silly packumentCache full:https://registry.npmjs.org/kleur set size:undefined disposed:false
64 silly fetch manifest @babel/core@^7.28.0
65 silly packumentCache full:https://registry.npmjs.org/@babel%2fcore cache-miss
66 http fetch GET 200 https://registry.npmjs.org/deepmerge 1409ms (cache miss)
67 silly packumentCache full:https://registry.npmjs.org/deepmerge set size:undefined disposed:false
68 silly fetch manifest cosmiconfig@^9.0.0
69 silly packumentCache full:https://registry.npmjs.org/cosmiconfig cache-miss
70 http fetch GET 200 https://registry.npmjs.org/diff 1476ms (cache miss)
71 silly packumentCache full:https://registry.npmjs.org/diff set size:undefined disposed:false
72 silly fetch manifest browserslist@^4.26.2
73 silly packumentCache full:https://registry.npmjs.org/browserslist cache-miss
74 http fetch GET 200 https://registry.npmjs.org/open 1720ms (cache miss)
75 silly packumentCache full:https://registry.npmjs.org/open set size:undefined disposed:false
76 silly fetch manifest @babel/parser@^7.28.0
77 silly packumentCache full:https://registry.npmjs.org/@babel%2fparser cache-miss
78 http fetch GET 200 https://registry.npmjs.org/prompts 1709ms (cache miss)
79 silly packumentCache full:https://registry.npmjs.org/prompts set size:undefined disposed:false
80 silly fetch manifest tailwind-merge@^3.0.1
81 silly packumentCache full:https://registry.npmjs.org/tailwind-merge cache-miss
82 http fetch GET 200 https://registry.npmjs.org/fast-glob 1774ms (cache miss)
83 silly packumentCache full:https://registry.npmjs.org/fast-glob set size:undefined disposed:false
84 silly fetch manifest tsconfig-paths@^4.2.0
85 silly packumentCache full:https://registry.npmjs.org/tsconfig-paths cache-miss
86 http fetch GET 200 https://registry.npmjs.org/execa 1873ms (cache miss)
87 silly packumentCache full:https://registry.npmjs.org/execa set size:undefined disposed:false
88 silly fetch manifest @dotenvx/dotenvx@^1.48.4
89 silly packumentCache full:https://registry.npmjs.org/@dotenvx%2fdotenvx cache-miss
90 http fetch GET 200 https://registry.npmjs.org/fs-extra 1902ms (cache miss)
91 silly packumentCache full:https://registry.npmjs.org/fs-extra set size:undefined disposed:false
92 silly fetch manifest stringify-object@^5.0.0
93 silly packumentCache full:https://registry.npmjs.org/stringify-object cache-miss
94 http fetch GET 200 https://registry.npmjs.org/fuzzysort 1041ms (cache miss)
95 silly packumentCache full:https://registry.npmjs.org/fuzzysort set size:undefined disposed:false
96 silly fetch manifest https-proxy-agent@^7.0.6
97 silly packumentCache full:https://registry.npmjs.org/https-proxy-agent cache-miss
98 http fetch GET 200 https://registry.npmjs.org/recast 2309ms (cache miss)
99 silly fetch manifest zod-to-json-schema@^3.24.6
100 silly packumentCache full:https://registry.npmjs.org/zod-to-json-schema cache-miss
101 http fetch GET 200 https://registry.npmjs.org/ts-morph 2334ms (cache miss)
102 silly packumentCache full:https://registry.npmjs.org/ts-morph set size:undefined disposed:false
103 silly fetch manifest postcss-selector-parser@^7.1.0
104 silly packumentCache full:https://registry.npmjs.org/postcss-selector-parser cache-miss
105 http fetch GET 200 https://registry.npmjs.org/commander 2386ms (cache miss)
106 silly packumentCache full:https://registry.npmjs.org/commander set size:undefined disposed:false
107 silly fetch manifest @babel/preset-typescript@^7.27.1
108 silly packumentCache full:https://registry.npmjs.org/@babel%2fpreset-typescript cache-miss
109 http fetch GET 200 https://registry.npmjs.org/cosmiconfig 1113ms (cache miss)
110 silly packumentCache full:https://registry.npmjs.org/cosmiconfig set size:undefined disposed:false
111 silly fetch manifest @modelcontextprotocol/sdk@^1.26.0
112 silly packumentCache full:https://registry.npmjs.org/@modelcontextprotocol%2fsdk cache-miss
113 http fetch GET 200 https://registry.npmjs.org/stringify-object 920ms (cache miss)
114 silly packumentCache full:https://registry.npmjs.org/stringify-object set size:undefined disposed:false
115 silly fetch manifest validate-npm-package-name@^7.0.1
116 silly packumentCache full:https://registry.npmjs.org/validate-npm-package-name cache-miss
117 http fetch GET 200 https://registry.npmjs.org/postcss 2884ms (cache miss)
118 silly packumentCache full:https://registry.npmjs.org/postcss set size:undefined disposed:false
119 silly fetch manifest @types/validate-npm-package-name@^4.0.2
120 silly packumentCache full:https://registry.npmjs.org/@types%2fvalidate-npm-package-name cache-miss
121 http fetch GET 200 https://registry.npmjs.org/https-proxy-agent 766ms (cache miss)
122 silly packumentCache full:https://registry.npmjs.org/https-proxy-agent set size:undefined disposed:false
123 silly fetch manifest @babel/plugin-transform-typescript@^7.28.0
124 silly packumentCache full:https://registry.npmjs.org/@babel%2fplugin-transform-typescript cache-miss
125 http fetch GET 200 https://registry.npmjs.org/tsconfig-paths 1179ms (cache miss)
126 silly packumentCache full:https://registry.npmjs.org/tsconfig-paths set size:undefined disposed:false
127 http fetch GET 200 https://registry.npmjs.org/browserslist 1548ms (cache miss)
128 silly packumentCache full:https://registry.npmjs.org/browserslist set size:undefined disposed:false
129 http fetch GET 200 https://registry.npmjs.org/postcss-selector-parser 776ms (cache miss)
130 silly packumentCache full:https://registry.npmjs.org/postcss-selector-parser set size:undefined disposed:false
131 http fetch GET 200 https://registry.npmjs.org/node-fetch 1816ms (cache miss)
132 http fetch GET 200 https://registry.npmjs.org/@babel%2fpreset-typescript 745ms (cache miss)
133 silly packumentCache full:https://registry.npmjs.org/@babel%2fpreset-typescript set size:undefined disposed:false
134 http fetch GET 200 https://registry.npmjs.org/@modelcontextprotocol%2fsdk 681ms (cache miss)
135 silly packumentCache full:https://registry.npmjs.org/@modelcontextprotocol%2fsdk set size:undefined disposed:false
136 http fetch GET 200 https://registry.npmjs.org/@babel%2fcore 1878ms (cache miss)
137 silly packumentCache full:https://registry.npmjs.org/@babel%2fcore set size:undefined disposed:false
138 http fetch GET 200 https://registry.npmjs.org/zod-to-json-schema 1047ms (cache miss)
139 silly packumentCache full:https://registry.npmjs.org/zod-to-json-schema set size:undefined disposed:false
140 http fetch GET 200 https://registry.npmjs.org/@babel%2fparser 1674ms (cache miss)
141 silly packumentCache full:https://registry.npmjs.org/@babel%2fparser set size:undefined disposed:false
142 http fetch GET 200 https://registry.npmjs.org/validate-npm-package-name 561ms (cache miss)
143 silly packumentCache full:https://registry.npmjs.org/validate-npm-package-name set size:undefined disposed:false
144 http fetch GET 200 https://registry.npmjs.org/@dotenvx%2fdotenvx 1588ms (cache miss)
145 http fetch GET 200 https://registry.npmjs.org/@types%2fvalidate-npm-package-name 595ms (cache miss)
146 silly packumentCache full:https://registry.npmjs.org/@types%2fvalidate-npm-package-name set size:undefined disposed:false
147 http fetch GET 200 https://registry.npmjs.org/@babel%2fplugin-transform-typescript 527ms (cache miss)
148 silly packumentCache full:https://registry.npmjs.org/@babel%2fplugin-transform-typescript set size:undefined disposed:false
149 http fetch GET 200 https://registry.npmjs.org/tailwind-merge 1868ms (cache miss)
150 silly packumentCache full:https://registry.npmjs.org/tailwind-merge set size:undefined disposed:false
151 http fetch GET 200 https://registry.npmjs.org/zod 3707ms (cache miss)
152 silly packumentCache full:https://registry.npmjs.org/zod set size:undefined disposed:false
153 silly fetch manifest babel-plugin-macros@^3.1.0
154 silly packumentCache full:https://registry.npmjs.org/babel-plugin-macros cache-miss
155 http fetch GET 200 https://registry.npmjs.org/babel-plugin-macros 325ms (cache miss)
156 silly packumentCache full:https://registry.npmjs.org/babel-plugin-macros set size:undefined disposed:false
157 silly fetch manifest recast@^0.23.11
158 silly packumentCache full:https://registry.npmjs.org/recast cache-miss
159 http fetch GET 200 https://registry.npmjs.org/recast 181ms (cache miss)
160 silly packumentCache full:https://registry.npmjs.org/recast set size:undefined disposed:false
161 silly fetch manifest node-fetch@^3.3.2
162 silly packumentCache full:https://registry.npmjs.org/node-fetch cache-miss
163 http fetch GET 200 https://registry.npmjs.org/node-fetch 156ms (cache miss)
164 silly packumentCache full:https://registry.npmjs.org/node-fetch set size:undefined disposed:false
165 silly fetch manifest typescript@>=4.9.5
166 silly packumentCache full:https://registry.npmjs.org/typescript cache-miss
167 http fetch GET 200 https://registry.npmjs.org/typescript 625ms (cache miss)
168 silly fetch manifest @dotenvx/dotenvx@^1.48.4
169 silly packumentCache full:https://registry.npmjs.org/@dotenvx%2fdotenvx cache-miss
170 http fetch GET 200 https://registry.npmjs.org/@dotenvx%2fdotenvx 380ms (cache miss)
171 silly packumentCache full:https://registry.npmjs.org/@dotenvx%2fdotenvx set size:undefined disposed:false
172 silly fetch manifest @cfworker/json-schema@^4.1.1
173 silly packumentCache full:https://registry.npmjs.org/@cfworker%2fjson-schema cache-miss
174 http fetch GET 200 https://registry.npmjs.org/@cfworker%2fjson-schema 505ms (cache miss)
175 silly packumentCache full:https://registry.npmjs.org/@cfworker%2fjson-schema set size:undefined disposed:false
176 silly placeDep ROOT @babel/core@7.29.7 OK for: shadcn@4.11.0 want: ^7.28.0
177 silly placeDep ROOT @babel/parser@7.29.7 OK for: shadcn@4.11.0 want: ^7.28.0
178 silly placeDep ROOT @babel/plugin-transform-typescript@7.29.7 OK for: shadcn@4.11.0 want: ^7.28.0
179 silly placeDep ROOT @babel/preset-typescript@7.29.7 OK for: shadcn@4.11.0 want: ^7.27.1
180 silly placeDep ROOT @dotenvx/dotenvx@1.71.3 OK for: shadcn@4.11.0 want: ^1.48.4
181 silly placeDep ROOT @modelcontextprotocol/sdk@1.29.0 OK for: shadcn@4.11.0 want: ^1.26.0
182 silly placeDep ROOT @types/validate-npm-package-name@4.0.2 OK for: shadcn@4.11.0 want: ^4.0.2
183 silly placeDep ROOT browserslist@4.28.2 OK for: shadcn@4.11.0 want: ^4.26.2
184 silly placeDep ROOT commander@14.0.3 OK for: shadcn@4.11.0 want: ^14.0.0
185 silly placeDep ROOT cosmiconfig@9.0.2 OK for: shadcn@4.11.0 want: ^9.0.0
186 silly placeDep ROOT dedent@1.7.2 OK for: shadcn@4.11.0 want: ^1.6.0
187 silly placeDep ROOT deepmerge@4.3.1 OK for: shadcn@4.11.0 want: ^4.3.1
188 silly placeDep ROOT diff@8.0.4 OK for: shadcn@4.11.0 want: ^8.0.2
189 silly placeDep ROOT execa@9.6.1 OK for: shadcn@4.11.0 want: ^9.6.0
190 silly placeDep ROOT fast-glob@3.3.3 OK for: shadcn@4.11.0 want: ^3.3.3
191 silly placeDep ROOT fs-extra@11.3.5 OK for: shadcn@4.11.0 want: ^11.3.1
192 silly placeDep ROOT fuzzysort@3.1.0 OK for: shadcn@4.11.0 want: ^3.1.0
193 silly placeDep ROOT https-proxy-agent@7.0.6 OK for: shadcn@4.11.0 want: ^7.0.6
194 silly placeDep ROOT kleur@4.1.5 OK for: shadcn@4.11.0 want: ^4.1.5
195 silly placeDep ROOT node-fetch@3.3.2 OK for: shadcn@4.11.0 want: ^3.3.2
196 silly placeDep ROOT open@11.0.0 OK for: shadcn@4.11.0 want: ^11.0.0
197 silly placeDep ROOT ora@8.2.0 OK for: shadcn@4.11.0 want: ^8.2.0
198 silly placeDep ROOT postcss@8.5.15 OK for: shadcn@4.11.0 want: ^8.5.6
199 silly placeDep ROOT postcss-selector-parser@7.1.4 OK for: shadcn@4.11.0 want: ^7.1.0
200 silly placeDep ROOT prompts@2.4.2 OK for: shadcn@4.11.0 want: ^2.4.2
201 silly placeDep ROOT recast@0.23.11 OK for: shadcn@4.11.0 want: ^0.23.11
202 silly placeDep ROOT stringify-object@5.0.0 OK for: shadcn@4.11.0 want: ^5.0.0
203 silly placeDep ROOT tailwind-merge@3.6.0 OK for: shadcn@4.11.0 want: ^3.0.1
204 silly placeDep ROOT ts-morph@26.0.0 OK for: shadcn@4.11.0 want: ^26.0.0
205 silly placeDep ROOT tsconfig-paths@4.2.0 OK for: shadcn@4.11.0 want: ^4.2.0
206 silly placeDep ROOT validate-npm-package-name@7.0.2 OK for: shadcn@4.11.0 want: ^7.0.1
207 silly placeDep ROOT zod@3.25.76 OK for: shadcn@4.11.0 want: ^3.24.1
208 silly placeDep ROOT zod-to-json-schema@3.25.2 OK for: shadcn@4.11.0 want: ^3.24.6
209 silly fetch manifest @babel/code-frame@^7.29.7
210 silly packumentCache full:https://registry.npmjs.org/@babel%2fcode-frame cache-miss
211 silly fetch manifest @babel/generator@^7.29.7
212 silly packumentCache full:https://registry.npmjs.org/@babel%2fgenerator cache-miss
213 silly fetch manifest @babel/helper-compilation-targets@^7.29.7
214 silly packumentCache full:https://registry.npmjs.org/@babel%2fhelper-compilation-targets cache-miss
215 silly fetch manifest @babel/helper-module-transforms@^7.29.7
216 silly packumentCache full:https://registry.npmjs.org/@babel%2fhelper-module-transforms cache-miss
217 silly fetch manifest @babel/helpers@^7.29.7
218 silly packumentCache full:https://registry.npmjs.org/@babel%2fhelpers cache-miss
219 silly fetch manifest @babel/parser@^7.29.7
220 silly packumentCache full:https://registry.npmjs.org/@babel%2fparser cache-miss
221 silly fetch manifest @babel/template@^7.29.7
222 silly packumentCache full:https://registry.npmjs.org/@babel%2ftemplate cache-miss
223 silly fetch manifest @babel/traverse@^7.29.7
224 silly packumentCache full:https://registry.npmjs.org/@babel%2ftraverse cache-miss
225 silly fetch manifest @babel/types@^7.29.7
226 silly packumentCache full:https://registry.npmjs.org/@babel%2ftypes cache-miss
227 silly fetch manifest @jridgewell/remapping@^2.3.5
228 silly packumentCache full:https://registry.npmjs.org/@jridgewell%2fremapping cache-miss
229 silly fetch manifest convert-source-map@^2.0.0
230 silly packumentCache full:https://registry.npmjs.org/convert-source-map cache-miss
231 silly fetch manifest debug@^4.1.0
232 silly packumentCache full:https://registry.npmjs.org/debug cache-miss
233 silly fetch manifest gensync@^1.0.0-beta.2
234 silly packumentCache full:https://registry.npmjs.org/gensync cache-miss
235 silly fetch manifest json5@^2.2.3
236 silly packumentCache full:https://registry.npmjs.org/json5 cache-miss
237 silly fetch manifest semver@^6.3.1
238 silly packumentCache full:https://registry.npmjs.org/semver cache-miss
239 http cache https://registry.npmjs.org/@babel%2fparser 832ms (cache hit)
240 silly packumentCache full:https://registry.npmjs.org/@babel%2fparser set size:730539 disposed:false
241 silly fetch manifest @babel/types@^7.29.7
242 silly packumentCache full:https://registry.npmjs.org/@babel%2ftypes cache-miss
243 http fetch GET 200 https://registry.npmjs.org/gensync 842ms (cache miss)
244 silly packumentCache full:https://registry.npmjs.org/gensync set size:undefined disposed:false
245 silly fetch manifest @babel/helper-annotate-as-pure@^7.29.7
246 silly packumentCache full:https://registry.npmjs.org/@babel%2fhelper-annotate-as-pure cache-miss
247 http fetch GET 200 https://registry.npmjs.org/@jridgewell%2fremapping 973ms (cache miss)
248 silly packumentCache full:https://registry.npmjs.org/@jridgewell%2fremapping set size:undefined disposed:false
249 silly fetch manifest @babel/helper-create-class-features-plugin@^7.29.7
250 silly packumentCache full:https://registry.npmjs.org/@babel%2fhelper-create-class-features-plugin cache-miss
251 http fetch GET 200 https://registry.npmjs.org/json5 1108ms (cache miss)
252 silly packumentCache full:https://registry.npmjs.org/json5 set size:undefined disposed:false
253 silly fetch manifest @babel/helper-plugin-utils@^7.29.7
254 silly packumentCache full:https://registry.npmjs.org/@babel%2fhelper-plugin-utils cache-miss
255 http fetch GET 200 https://registry.npmjs.org/convert-source-map 1195ms (cache miss)
256 silly packumentCache full:https://registry.npmjs.org/convert-source-map set size:undefined disposed:false
257 silly fetch manifest @babel/helper-skip-transparent-expression-wrappers@^7.29.7
258 silly packumentCache full:https://registry.npmjs.org/@babel%2fhelper-skip-transparent-expression-wrappers cache-miss
259 http fetch GET 200 https://registry.npmjs.org/debug 1305ms (cache miss)
260 silly packumentCache full:https://registry.npmjs.org/debug set size:undefined disposed:false
261 silly fetch manifest @babel/plugin-syntax-typescript@^7.29.7
262 silly packumentCache full:https://registry.npmjs.org/@babel%2fplugin-syntax-typescript cache-miss
263 http fetch GET 200 https://registry.npmjs.org/@babel%2ftemplate 1378ms (cache miss)
264 silly packumentCache full:https://registry.npmjs.org/@babel%2ftemplate set size:undefined disposed:false
265 silly fetch manifest @babel/helper-plugin-utils@^7.29.7
266 silly packumentCache full:https://registry.npmjs.org/@babel%2fhelper-plugin-utils cache-miss
267 http fetch GET 200 https://registry.npmjs.org/@babel%2fhelper-compilation-targets 1536ms (cache miss)
268 silly packumentCache full:https://registry.npmjs.org/@babel%2fhelper-compilation-targets set size:undefined disposed:false
269 silly fetch manifest @babel/helper-validator-option@^7.29.7
270 silly packumentCache full:https://registry.npmjs.org/@babel%2fhelper-validator-option cache-miss
271 http fetch GET 200 https://registry.npmjs.org/@babel%2fcode-frame 1630ms (cache miss)
272 silly packumentCache full:https://registry.npmjs.org/@babel%2fcode-frame set size:undefined disposed:false
273 silly fetch manifest @babel/plugin-syntax-jsx@^7.29.7
274 silly packumentCache full:https://registry.npmjs.org/@babel%2fplugin-syntax-jsx cache-miss
275 http fetch GET 200 https://registry.npmjs.org/@babel%2fhelper-module-transforms 1864ms (cache miss)
276 silly packumentCache full:https://registry.npmjs.org/@babel%2fhelper-module-transforms set size:undefined disposed:false
277 silly fetch manifest @babel/plugin-transform-modules-commonjs@^7.29.7
278 silly packumentCache full:https://registry.npmjs.org/@babel%2fplugin-transform-modules-commonjs cache-miss
279 http fetch GET 200 https://registry.npmjs.org/semver 1868ms (cache miss)
280 silly packumentCache full:https://registry.npmjs.org/semver set size:undefined disposed:false
281 silly fetch manifest commander@^11.1.0
282 silly packumentCache full:https://registry.npmjs.org/commander cache-miss
283 http fetch GET 200 https://registry.npmjs.org/@babel%2fhelpers 2187ms (cache miss)
284 silly packumentCache full:https://registry.npmjs.org/@babel%2fhelpers set size:undefined disposed:false
285 silly fetch manifest dotenv@^17.2.1
286 silly packumentCache full:https://registry.npmjs.org/dotenv cache-miss
287 http fetch GET 200 https://registry.npmjs.org/@babel%2ftypes 2254ms (cache miss)
288 silly packumentCache full:https://registry.npmjs.org/@babel%2ftypes set size:undefined disposed:false
289 silly fetch manifest eciesjs@^0.4.10
290 silly packumentCache full:https://registry.npmjs.org/eciesjs cache-miss
291 http fetch GET 200 https://registry.npmjs.org/@babel%2fhelper-skip-transparent-expression-wrappers 1159ms (cache miss)
292 silly packumentCache full:https://registry.npmjs.org/@babel%2fhelper-skip-transparent-expression-wrappers set size:undefined disposed:false
293 silly fetch manifest enquirer@^2.4.1
294 silly packumentCache full:https://registry.npmjs.org/enquirer cache-miss
295 http fetch GET 200 https://registry.npmjs.org/@babel%2fgenerator 2475ms (cache miss)
296 silly packumentCache full:https://registry.npmjs.org/@babel%2fgenerator set size:undefined disposed:false
297 silly fetch manifest execa@^5.1.1
298 silly packumentCache full:https://registry.npmjs.org/execa cache-miss
299 http fetch GET 200 https://registry.npmjs.org/@babel%2ftraverse 2471ms (cache miss)
300 silly packumentCache full:https://registry.npmjs.org/@babel%2ftraverse set size:undefined disposed:false
301 silly fetch manifest fdir@^6.2.0
302 silly packumentCache full:https://registry.npmjs.org/fdir cache-miss
303 http fetch GET 200 https://registry.npmjs.org/@babel%2fhelper-plugin-utils 1375ms (cache miss)
304 silly packumentCache full:https://registry.npmjs.org/@babel%2fhelper-plugin-utils set size:undefined disposed:false
305 silly fetch manifest ignore@^5.3.0
306 silly packumentCache full:https://registry.npmjs.org/ignore cache-miss
307 http fetch GET 200 https://registry.npmjs.org/@babel%2fhelper-validator-option 1023ms (cache miss)
308 silly packumentCache full:https://registry.npmjs.org/@babel%2fhelper-validator-option set size:undefined disposed:false
309 silly fetch manifest object-treeify@1.1.33
310 silly packumentCache full:https://registry.npmjs.org/object-treeify cache-miss
311 http cache https://registry.npmjs.org/commander 677ms (cache hit)
312 silly packumentCache full:https://registry.npmjs.org/commander set size:353115 disposed:false
313 silly fetch manifest picomatch@^4.0.4
314 silly packumentCache full:https://registry.npmjs.org/picomatch cache-miss
315 http fetch GET 200 https://registry.npmjs.org/@babel%2fplugin-syntax-typescript 1285ms (cache miss)
316 silly fetch manifest which@^4.0.0
317 silly packumentCache full:https://registry.npmjs.org/which cache-miss
318 http fetch GET 200 https://registry.npmjs.org/@babel%2fhelper-plugin-utils 1355ms (cache miss)
319 silly packumentCache full:https://registry.npmjs.org/@babel%2fhelper-plugin-utils set size:undefined disposed:false
320 silly fetch manifest yocto-spinner@^1.1.0
321 silly packumentCache full:https://registry.npmjs.org/yocto-spinner cache-miss
322 http fetch GET 200 https://registry.npmjs.org/@babel%2fhelper-annotate-as-pure 1908ms (cache miss)
323 silly packumentCache full:https://registry.npmjs.org/@babel%2fhelper-annotate-as-pure set size:undefined disposed:false
324 silly fetch manifest ajv@^8.17.1
325 silly packumentCache full:https://registry.npmjs.org/ajv cache-miss
326 http fetch GET 200 https://registry.npmjs.org/@babel%2fhelper-create-class-features-plugin 2082ms (cache miss)
327 silly packumentCache full:https://registry.npmjs.org/@babel%2fhelper-create-class-features-plugin set size:undefined disposed:false
328 silly fetch manifest zod@^3.25 || ^4.0
329 silly packumentCache full:https://registry.npmjs.org/zod cache-miss
330 http fetch GET 200 https://registry.npmjs.org/@babel%2fplugin-syntax-jsx 1598ms (cache miss)
331 silly packumentCache full:https://registry.npmjs.org/@babel%2fplugin-syntax-jsx set size:undefined disposed:false
332 silly fetch manifest cors@^2.8.5
333 silly packumentCache full:https://registry.npmjs.org/cors cache-miss
334 http fetch GET 200 https://registry.npmjs.org/@babel%2ftypes 2462ms (cache miss)
335 silly packumentCache full:https://registry.npmjs.org/@babel%2ftypes set size:undefined disposed:false
336 silly fetch manifest hono@^4.11.4
337 silly packumentCache full:https://registry.npmjs.org/hono cache-miss
338 http cache https://registry.npmjs.org/execa 931ms (cache hit)
339 silly packumentCache full:https://registry.npmjs.org/execa set size:181234 disposed:false
340 silly fetch manifest jose@^6.1.3
341 silly packumentCache full:https://registry.npmjs.org/jose cache-miss
342 http fetch GET 200 https://registry.npmjs.org/which 799ms (cache miss)
343 silly packumentCache full:https://registry.npmjs.org/which set size:undefined disposed:false
344 silly fetch manifest express@^5.2.1
345 silly packumentCache full:https://registry.npmjs.org/express cache-miss
346 http fetch GET 200 https://registry.npmjs.org/@babel%2fplugin-transform-modules-commonjs 1595ms (cache miss)
347 silly packumentCache full:https://registry.npmjs.org/@babel%2fplugin-transform-modules-commonjs set size:undefined disposed:false
348 silly fetch manifest raw-body@^3.0.0
349 silly packumentCache full:https://registry.npmjs.org/raw-body cache-miss
350 http fetch GET 200 https://registry.npmjs.org/yocto-spinner 784ms (cache miss)
351 silly packumentCache full:https://registry.npmjs.org/yocto-spinner set size:undefined disposed:false
352 silly fetch manifest ajv-formats@^3.0.1
353 silly packumentCache full:https://registry.npmjs.org/ajv-formats cache-miss
354 http cache https://registry.npmjs.org/zod 616ms (cache hit)
355 silly packumentCache full:https://registry.npmjs.org/zod set size:3552562 disposed:false
356 silly fetch manifest cross-spawn@^7.0.5
357 silly packumentCache full:https://registry.npmjs.org/cross-spawn cache-miss
358 http fetch GET 200 https://registry.npmjs.org/eciesjs 1697ms (cache miss)
359 silly packumentCache full:https://registry.npmjs.org/eciesjs set size:undefined disposed:false
360 silly fetch manifest eventsource@^3.0.2
361 silly packumentCache full:https://registry.npmjs.org/eventsource cache-miss
362 http fetch GET 200 https://registry.npmjs.org/picomatch 1396ms (cache miss)
363 silly packumentCache full:https://registry.npmjs.org/picomatch set size:undefined disposed:false
364 silly fetch manifest content-type@^1.0.5
365 silly packumentCache full:https://registry.npmjs.org/content-type cache-miss
366 http fetch GET 200 https://registry.npmjs.org/fdir 1509ms (cache miss)
367 silly packumentCache full:https://registry.npmjs.org/fdir set size:undefined disposed:false
368 silly fetch manifest pkce-challenge@^5.0.0
369 silly packumentCache full:https://registry.npmjs.org/pkce-challenge cache-miss
370 http fetch GET 200 https://registry.npmjs.org/enquirer 1710ms (cache miss)
371 silly packumentCache full:https://registry.npmjs.org/enquirer set size:undefined disposed:false
372 silly fetch manifest @hono/node-server@^1.19.9
373 silly packumentCache full:https://registry.npmjs.org/@hono%2fnode-server cache-miss
374 http fetch GET 200 https://registry.npmjs.org/dotenv 1962ms (cache miss)
375 silly packumentCache full:https://registry.npmjs.org/dotenv set size:undefined disposed:false
376 silly fetch manifest json-schema-typed@^8.0.2
377 silly packumentCache full:https://registry.npmjs.org/json-schema-typed cache-miss
378 http fetch GET 200 https://registry.npmjs.org/ignore 1681ms (cache miss)
379 silly packumentCache full:https://registry.npmjs.org/ignore set size:undefined disposed:false
380 silly fetch manifest eventsource-parser@^3.0.0
381 silly packumentCache full:https://registry.npmjs.org/eventsource-parser cache-miss
382 http fetch GET 200 https://registry.npmjs.org/object-treeify 1705ms (cache miss)
383 silly packumentCache full:https://registry.npmjs.org/object-treeify set size:undefined disposed:false
384 silly fetch manifest express-rate-limit@^8.2.1
385 silly packumentCache full:https://registry.npmjs.org/express-rate-limit cache-miss
386 http fetch GET 200 https://registry.npmjs.org/cors 1217ms (cache miss)
387 silly packumentCache full:https://registry.npmjs.org/cors set size:undefined disposed:false
388 silly fetch manifest zod-to-json-schema@^3.25.1
389 silly packumentCache full:https://registry.npmjs.org/zod-to-json-schema cache-miss
390 http fetch GET 200 https://registry.npmjs.org/content-type 487ms (cache miss)
391 silly packumentCache full:https://registry.npmjs.org/content-type set size:undefined disposed:false
392 silly fetch manifest baseline-browser-mapping@^2.10.12
393 silly packumentCache full:https://registry.npmjs.org/baseline-browser-mapping cache-miss
394 http fetch GET 200 https://registry.npmjs.org/raw-body 1085ms (cache miss)
395 silly packumentCache full:https://registry.npmjs.org/raw-body set size:undefined disposed:false
396 silly fetch manifest caniuse-lite@^1.0.30001782
397 silly packumentCache full:https://registry.npmjs.org/caniuse-lite cache-miss
398 http fetch GET 200 https://registry.npmjs.org/pkce-challenge 751ms (cache miss)
399 silly packumentCache full:https://registry.npmjs.org/pkce-challenge set size:undefined disposed:false
400 silly fetch manifest electron-to-chromium@^1.5.328
401 silly packumentCache full:https://registry.npmjs.org/electron-to-chromium cache-miss
402 http fetch GET 200 https://registry.npmjs.org/ajv-formats 1393ms (cache miss)
403 silly packumentCache full:https://registry.npmjs.org/ajv-formats set size:undefined disposed:false
404 silly fetch manifest node-releases@^2.0.36
405 silly packumentCache full:https://registry.npmjs.org/node-releases cache-miss
406 http fetch GET 200 https://registry.npmjs.org/cross-spawn 1226ms (cache miss)
407 silly packumentCache full:https://registry.npmjs.org/cross-spawn set size:undefined disposed:false
408 silly fetch manifest update-browserslist-db@^1.2.3
409 silly packumentCache full:https://registry.npmjs.org/update-browserslist-db cache-miss
410 http cache https://registry.npmjs.org/zod-to-json-schema 767ms (cache hit)
411 silly packumentCache full:https://registry.npmjs.org/zod-to-json-schema set size:309584 disposed:false
412 silly fetch manifest js-yaml@^4.1.0
413 silly packumentCache full:https://registry.npmjs.org/js-yaml cache-miss
414 http fetch GET 200 https://registry.npmjs.org/eventsource 1331ms (cache miss)
415 silly packumentCache full:https://registry.npmjs.org/eventsource set size:undefined disposed:false
416 silly fetch manifest env-paths@^2.2.1
417 silly packumentCache full:https://registry.npmjs.org/env-paths cache-miss
418 http fetch GET 200 https://registry.npmjs.org/eventsource-parser 1143ms (cache miss)
419 silly packumentCache full:https://registry.npmjs.org/eventsource-parser set size:undefined disposed:false
420 silly fetch manifest parse-json@^5.2.0
421 silly packumentCache full:https://registry.npmjs.org/parse-json cache-miss
422 http fetch GET 200 https://registry.npmjs.org/json-schema-typed 1443ms (cache miss)
423 silly packumentCache full:https://registry.npmjs.org/json-schema-typed set size:undefined disposed:false
424 silly fetch manifest import-fresh@^3.3.0
425 silly packumentCache full:https://registry.npmjs.org/import-fresh cache-miss
426 http fetch GET 200 https://registry.npmjs.org/@hono%2fnode-server 1765ms (cache miss)
427 silly packumentCache full:https://registry.npmjs.org/@hono%2fnode-server set size:undefined disposed:false
428 silly fetch manifest @sindresorhus/merge-streams@^4.0.0
429 silly packumentCache full:https://registry.npmjs.org/@sindresorhus%2fmerge-streams cache-miss
430 http fetch GET 200 https://registry.npmjs.org/express 2599ms (cache miss)
431 silly packumentCache full:https://registry.npmjs.org/express set size:undefined disposed:false
432 silly fetch manifest cross-spawn@^7.0.6
433 silly packumentCache full:https://registry.npmjs.org/cross-spawn cache-miss
434 http fetch GET 200 https://registry.npmjs.org/ajv 3408ms (cache miss)
435 silly packumentCache full:https://registry.npmjs.org/ajv set size:undefined disposed:false
436 silly fetch manifest figures@^6.1.0
437 silly packumentCache full:https://registry.npmjs.org/figures cache-miss
438 http fetch GET 200 https://registry.npmjs.org/express-rate-limit 1956ms (cache miss)
439 silly packumentCache full:https://registry.npmjs.org/express-rate-limit set size:undefined disposed:false
440 silly fetch manifest get-stream@^9.0.0
441 silly packumentCache full:https://registry.npmjs.org/get-stream cache-miss
442 http fetch GET 200 https://registry.npmjs.org/env-paths 929ms (cache miss)
443 silly packumentCache full:https://registry.npmjs.org/env-paths set size:undefined disposed:false
444 silly fetch manifest human-signals@^8.0.1
445 silly packumentCache full:https://registry.npmjs.org/human-signals cache-miss
446 http fetch GET 200 https://registry.npmjs.org/update-browserslist-db 1147ms (cache miss)
447 silly packumentCache full:https://registry.npmjs.org/update-browserslist-db set size:undefined disposed:false
448 silly fetch manifest is-plain-obj@^4.1.0
449 silly packumentCache full:https://registry.npmjs.org/is-plain-obj cache-miss
450 http fetch GET 200 https://registry.npmjs.org/parse-json 964ms (cache miss)
451 silly packumentCache full:https://registry.npmjs.org/parse-json set size:undefined disposed:false
452 silly fetch manifest is-stream@^4.0.1
453 silly packumentCache full:https://registry.npmjs.org/is-stream cache-miss
454 http fetch GET 200 https://registry.npmjs.org/baseline-browser-mapping 1943ms (cache miss)
455 silly packumentCache full:https://registry.npmjs.org/baseline-browser-mapping set size:undefined disposed:false
456 silly fetch manifest npm-run-path@^6.0.0
457 silly packumentCache full:https://registry.npmjs.org/npm-run-path cache-miss
458 http fetch GET 200 https://registry.npmjs.org/js-yaml 1299ms (cache miss)
459 silly packumentCache full:https://registry.npmjs.org/js-yaml set size:undefined disposed:false
460 silly fetch manifest pretty-ms@^9.2.0
461 silly packumentCache full:https://registry.npmjs.org/pretty-ms cache-miss
462 http fetch GET 200 https://registry.npmjs.org/import-fresh 950ms (cache miss)
463 silly packumentCache full:https://registry.npmjs.org/import-fresh set size:undefined disposed:false
464 silly fetch manifest signal-exit@^4.1.0
465 silly packumentCache full:https://registry.npmjs.org/signal-exit cache-miss
466 http fetch GET 200 https://registry.npmjs.org/node-releases 1647ms (cache miss)
467 silly packumentCache full:https://registry.npmjs.org/node-releases set size:undefined disposed:false
468 silly fetch manifest strip-final-newline@^4.0.0
469 silly packumentCache full:https://registry.npmjs.org/strip-final-newline cache-miss
470 http cache https://registry.npmjs.org/cross-spawn 806ms (cache hit)
471 silly packumentCache full:https://registry.npmjs.org/cross-spawn set size:109066 disposed:false
472 silly fetch manifest yoctocolors@^2.1.1
473 silly packumentCache full:https://registry.npmjs.org/yoctocolors cache-miss
474 http fetch GET 200 https://registry.npmjs.org/@sindresorhus%2fmerge-streams 1183ms (cache miss)
475 silly packumentCache full:https://registry.npmjs.org/@sindresorhus%2fmerge-streams set size:undefined disposed:false
476 silly fetch manifest @nodelib/fs.stat@^2.0.2
477 silly packumentCache full:https://registry.npmjs.org/@nodelib%2ffs.stat cache-miss
478 http fetch GET 200 https://registry.npmjs.org/get-stream 892ms (cache miss)
479 silly packumentCache full:https://registry.npmjs.org/get-stream set size:undefined disposed:false
480 silly fetch manifest @nodelib/fs.walk@^1.2.3
481 silly packumentCache full:https://registry.npmjs.org/@nodelib%2ffs.walk cache-miss
482 http fetch GET 200 https://registry.npmjs.org/human-signals 930ms (cache miss)
483 silly packumentCache full:https://registry.npmjs.org/human-signals set size:undefined disposed:false
484 silly fetch manifest glob-parent@^5.1.2
485 silly packumentCache full:https://registry.npmjs.org/glob-parent cache-miss
486 http fetch GET 200 https://registry.npmjs.org/npm-run-path 742ms (cache miss)
487 silly packumentCache full:https://registry.npmjs.org/npm-run-path set size:undefined disposed:false
488 silly fetch manifest merge2@^1.3.0
489 silly packumentCache full:https://registry.npmjs.org/merge2 cache-miss
490 http fetch GET 200 https://registry.npmjs.org/figures 1056ms (cache miss)
491 silly packumentCache full:https://registry.npmjs.org/figures set size:undefined disposed:false
492 silly fetch manifest micromatch@^4.0.8
493 silly packumentCache full:https://registry.npmjs.org/micromatch cache-miss
494 http fetch GET 200 https://registry.npmjs.org/is-plain-obj 966ms (cache miss)
495 silly packumentCache full:https://registry.npmjs.org/is-plain-obj set size:undefined disposed:false
496 silly fetch manifest graceful-fs@^4.2.0
497 silly packumentCache full:https://registry.npmjs.org/graceful-fs cache-miss
498 http fetch GET 200 https://registry.npmjs.org/is-stream 1208ms (cache miss)
499 silly packumentCache full:https://registry.npmjs.org/is-stream set size:undefined disposed:false
500 silly fetch manifest jsonfile@^6.0.1
501 silly packumentCache full:https://registry.npmjs.org/jsonfile cache-miss
502 http fetch GET 200 https://registry.npmjs.org/pretty-ms 1074ms (cache miss)
503 silly packumentCache full:https://registry.npmjs.org/pretty-ms set size:undefined disposed:false
504 silly fetch manifest universalify@^2.0.0
505 silly packumentCache full:https://registry.npmjs.org/universalify cache-miss
506 http fetch GET 200 https://registry.npmjs.org/jose 4275ms (cache miss)
507 silly packumentCache full:https://registry.npmjs.org/jose set size:undefined disposed:false
508 silly fetch manifest debug@4
509 silly packumentCache full:https://registry.npmjs.org/debug cache-miss
510 http fetch GET 200 https://registry.npmjs.org/signal-exit 1238ms (cache miss)
511 silly packumentCache full:https://registry.npmjs.org/signal-exit set size:undefined disposed:false
512 silly fetch manifest agent-base@^7.1.2
513 silly packumentCache full:https://registry.npmjs.org/agent-base cache-miss
514 http fetch GET 200 https://registry.npmjs.org/strip-final-newline 1230ms (cache miss)
515 silly packumentCache full:https://registry.npmjs.org/strip-final-newline set size:undefined disposed:false
516 silly fetch manifest data-uri-to-buffer@^4.0.0
517 silly packumentCache full:https://registry.npmjs.org/data-uri-to-buffer cache-miss
518 http fetch GET 200 https://registry.npmjs.org/glob-parent 982ms (cache miss)
519 silly packumentCache full:https://registry.npmjs.org/glob-parent set size:undefined disposed:false
520 silly fetch manifest fetch-blob@^3.1.4
521 silly packumentCache full:https://registry.npmjs.org/fetch-blob cache-miss
522 http fetch GET 200 https://registry.npmjs.org/@nodelib%2ffs.stat 1092ms (cache miss)
523 silly packumentCache full:https://registry.npmjs.org/@nodelib%2ffs.stat set size:undefined disposed:false
524 silly fetch manifest formdata-polyfill@^4.0.10
525 silly packumentCache full:https://registry.npmjs.org/formdata-polyfill cache-miss
526 http fetch GET 200 https://registry.npmjs.org/yoctocolors 1296ms (cache miss)
527 silly packumentCache full:https://registry.npmjs.org/yoctocolors set size:undefined disposed:false
528 silly fetch manifest default-browser@^5.4.0
529 silly packumentCache full:https://registry.npmjs.org/default-browser cache-miss
530 http fetch GET 200 https://registry.npmjs.org/@nodelib%2ffs.walk 1145ms (cache miss)
531 silly packumentCache full:https://registry.npmjs.org/@nodelib%2ffs.walk set size:undefined disposed:false
532 silly fetch manifest define-lazy-prop@^3.0.0
533 silly packumentCache full:https://registry.npmjs.org/define-lazy-prop cache-miss
534 http fetch GET 200 https://registry.npmjs.org/merge2 1148ms (cache miss)
535 silly packumentCache full:https://registry.npmjs.org/merge2 set size:undefined disposed:false
536 silly fetch manifest is-in-ssh@^1.0.0
537 silly packumentCache full:https://registry.npmjs.org/is-in-ssh cache-miss
538 http fetch GET 200 https://registry.npmjs.org/universalify 763ms (cache miss)
539 silly packumentCache full:https://registry.npmjs.org/universalify set size:undefined disposed:false
540 silly fetch manifest is-inside-container@^1.0.0
541 silly packumentCache full:https://registry.npmjs.org/is-inside-container cache-miss
542 http cache https://registry.npmjs.org/debug 671ms (cache hit)
543 silly packumentCache full:https://registry.npmjs.org/debug set size:195840 disposed:false
544 silly fetch manifest powershell-utils@^0.1.0
545 silly packumentCache full:https://registry.npmjs.org/powershell-utils cache-miss
546 http fetch GET 200 https://registry.npmjs.org/jsonfile 986ms (cache miss)
547 silly packumentCache full:https://registry.npmjs.org/jsonfile set size:undefined disposed:false
548 silly fetch manifest wsl-utils@^0.3.0
549 silly packumentCache full:https://registry.npmjs.org/wsl-utils cache-miss
550 http fetch GET 200 https://registry.npmjs.org/graceful-fs 1289ms (cache miss)
551 silly packumentCache full:https://registry.npmjs.org/graceful-fs set size:undefined disposed:false
552 silly fetch manifest chalk@^5.3.0
553 silly packumentCache full:https://registry.npmjs.org/chalk cache-miss
554 http fetch GET 200 https://registry.npmjs.org/agent-base 1163ms (cache miss)
555 silly packumentCache full:https://registry.npmjs.org/agent-base set size:undefined disposed:false
556 silly fetch manifest cli-cursor@^5.0.0
557 silly packumentCache full:https://registry.npmjs.org/cli-cursor cache-miss
558 http fetch GET 200 https://registry.npmjs.org/data-uri-to-buffer 1155ms (cache miss)
559 silly packumentCache full:https://registry.npmjs.org/data-uri-to-buffer set size:undefined disposed:false
560 silly fetch manifest strip-ansi@^7.1.0
561 silly packumentCache full:https://registry.npmjs.org/strip-ansi cache-miss
562 http fetch GET 200 https://registry.npmjs.org/micromatch 1868ms (cache miss)
563 silly packumentCache full:https://registry.npmjs.org/micromatch set size:undefined disposed:false
564 silly fetch manifest log-symbols@^6.0.0
565 silly packumentCache full:https://registry.npmjs.org/log-symbols cache-miss
566 http fetch GET 200 https://registry.npmjs.org/powershell-utils 750ms (cache miss)
567 silly packumentCache full:https://registry.npmjs.org/powershell-utils set size:undefined disposed:false
568 silly fetch manifest cli-spinners@^2.9.2
569 silly packumentCache full:https://registry.npmjs.org/cli-spinners cache-miss
570 http fetch GET 200 https://registry.npmjs.org/define-lazy-prop 920ms (cache miss)
571 silly packumentCache full:https://registry.npmjs.org/define-lazy-prop set size:undefined disposed:false
572 silly fetch manifest string-width@^7.2.0
573 silly packumentCache full:https://registry.npmjs.org/string-width cache-miss
574 http fetch GET 200 https://registry.npmjs.org/is-in-ssh 859ms (cache miss)
575 silly packumentCache full:https://registry.npmjs.org/is-in-ssh set size:undefined disposed:false
576 silly fetch manifest is-interactive@^2.0.0
577 silly packumentCache full:https://registry.npmjs.org/is-interactive cache-miss
578 http fetch GET 200 https://registry.npmjs.org/default-browser 991ms (cache miss)
579 silly packumentCache full:https://registry.npmjs.org/default-browser set size:undefined disposed:false
580 silly fetch manifest stdin-discarder@^0.2.2
581 silly packumentCache full:https://registry.npmjs.org/stdin-discarder cache-miss
582 http fetch GET 200 https://registry.npmjs.org/is-inside-container 878ms (cache miss)
583 silly packumentCache full:https://registry.npmjs.org/is-inside-container set size:undefined disposed:false
584 silly fetch manifest is-unicode-supported@^2.0.0
585 silly packumentCache full:https://registry.npmjs.org/is-unicode-supported cache-miss
586 http fetch GET 200 https://registry.npmjs.org/wsl-utils 706ms (cache miss)
587 silly packumentCache full:https://registry.npmjs.org/wsl-utils set size:undefined disposed:false
588 silly fetch manifest nanoid@^3.3.12
589 silly packumentCache full:https://registry.npmjs.org/nanoid cache-miss
590 http fetch GET 200 https://registry.npmjs.org/fetch-blob 1162ms (cache miss)
591 silly packumentCache full:https://registry.npmjs.org/fetch-blob set size:undefined disposed:false
592 silly fetch manifest picocolors@^1.1.1
593 silly packumentCache full:https://registry.npmjs.org/picocolors cache-miss
594 http fetch GET 200 https://registry.npmjs.org/formdata-polyfill 1264ms (cache miss)
595 silly packumentCache full:https://registry.npmjs.org/formdata-polyfill set size:undefined disposed:false
596 silly fetch manifest source-map-js@^1.2.1
597 silly packumentCache full:https://registry.npmjs.org/source-map-js cache-miss
598 http fetch GET 200 https://registry.npmjs.org/strip-ansi 477ms (cache miss)
599 silly packumentCache full:https://registry.npmjs.org/strip-ansi set size:undefined disposed:false
600 silly fetch manifest cssesc@^3.0.0
601 silly packumentCache full:https://registry.npmjs.org/cssesc cache-miss
602 http fetch GET 200 https://registry.npmjs.org/chalk 1009ms (cache miss)
603 silly packumentCache full:https://registry.npmjs.org/chalk set size:undefined disposed:false
604 silly fetch manifest util-deprecate@^1.0.2
605 silly packumentCache full:https://registry.npmjs.org/util-deprecate cache-miss
606 http fetch GET 200 https://registry.npmjs.org/cli-cursor 989ms (cache miss)
607 silly packumentCache full:https://registry.npmjs.org/cli-cursor set size:undefined disposed:false
608 silly fetch manifest kleur@^3.0.3
609 silly packumentCache full:https://registry.npmjs.org/kleur cache-miss
610 http fetch GET 200 https://registry.npmjs.org/is-interactive 813ms (cache miss)
611 silly packumentCache full:https://registry.npmjs.org/is-interactive set size:undefined disposed:false
612 silly fetch manifest sisteransi@^1.0.5
613 silly packumentCache full:https://registry.npmjs.org/sisteransi cache-miss
614 http fetch GET 200 https://registry.npmjs.org/log-symbols 988ms (cache miss)
615 silly packumentCache full:https://registry.npmjs.org/log-symbols set size:undefined disposed:false
616 silly fetch manifest ast-types@^0.16.1
617 silly packumentCache full:https://registry.npmjs.org/ast-types cache-miss
618 http fetch GET 200 https://registry.npmjs.org/is-unicode-supported 938ms (cache miss)
619 silly packumentCache full:https://registry.npmjs.org/is-unicode-supported set size:undefined disposed:false
620 silly fetch manifest esprima@~4.0.0
621 silly packumentCache full:https://registry.npmjs.org/esprima cache-miss
622 http fetch GET 200 https://registry.npmjs.org/stdin-discarder 1074ms (cache miss)
623 silly packumentCache full:https://registry.npmjs.org/stdin-discarder set size:undefined disposed:false
624 silly fetch manifest source-map@~0.6.1
625 silly packumentCache full:https://registry.npmjs.org/source-map cache-miss
626 http fetch GET 200 https://registry.npmjs.org/util-deprecate 955ms (cache miss)
627 silly packumentCache full:https://registry.npmjs.org/util-deprecate set size:undefined disposed:false
628 silly fetch manifest tiny-invariant@^1.3.3
629 silly packumentCache full:https://registry.npmjs.org/tiny-invariant cache-miss
630 http fetch GET 200 https://registry.npmjs.org/picocolors 1287ms (cache miss)
631 silly packumentCache full:https://registry.npmjs.org/picocolors set size:undefined disposed:false
632 silly fetch manifest tslib@^2.0.1
633 silly packumentCache full:https://registry.npmjs.org/tslib cache-miss
634 http fetch GET 200 https://registry.npmjs.org/string-width 1500ms (cache miss)
635 silly packumentCache full:https://registry.npmjs.org/string-width set size:undefined disposed:false
636 silly fetch manifest is-obj@^3.0.0
637 silly packumentCache full:https://registry.npmjs.org/is-obj cache-miss
638 http fetch GET 200 https://registry.npmjs.org/cli-spinners 1533ms (cache miss)
639 silly packumentCache full:https://registry.npmjs.org/cli-spinners set size:undefined disposed:false
640 silly fetch manifest is-regexp@^3.1.0
641 silly packumentCache full:https://registry.npmjs.org/is-regexp cache-miss
642 http fetch GET 200 https://registry.npmjs.org/source-map-js 1381ms (cache miss)
643 silly packumentCache full:https://registry.npmjs.org/source-map-js set size:undefined disposed:false
644 silly fetch manifest get-own-enumerable-keys@^1.0.0
645 silly packumentCache full:https://registry.npmjs.org/get-own-enumerable-keys cache-miss
646 http fetch GET 200 https://registry.npmjs.org/cssesc 1328ms (cache miss)
647 silly packumentCache full:https://registry.npmjs.org/cssesc set size:undefined disposed:false
648 silly fetch manifest @ts-morph/common@~0.27.0
649 silly packumentCache full:https://registry.npmjs.org/@ts-morph%2fcommon cache-miss
650 http cache https://registry.npmjs.org/kleur 1119ms (cache hit)
651 silly packumentCache full:https://registry.npmjs.org/kleur set size:61853 disposed:false
652 silly fetch manifest code-block-writer@^13.0.3
653 silly packumentCache full:https://registry.npmjs.org/code-block-writer cache-miss
654 http fetch GET 200 https://registry.npmjs.org/sisteransi 1286ms (cache miss)
655 silly packumentCache full:https://registry.npmjs.org/sisteransi set size:undefined disposed:false
656 silly fetch manifest json5@^2.2.2
657 silly packumentCache full:https://registry.npmjs.org/json5 cache-miss
658 http fetch GET 200 https://registry.npmjs.org/is-obj 713ms (cache miss)
659 silly packumentCache full:https://registry.npmjs.org/is-obj set size:undefined disposed:false
660 silly fetch manifest minimist@^1.2.6
661 silly packumentCache full:https://registry.npmjs.org/minimist cache-miss
662 http fetch GET 200 https://registry.npmjs.org/nanoid 2156ms (cache miss)
663 silly packumentCache full:https://registry.npmjs.org/nanoid set size:undefined disposed:false
664 silly fetch manifest strip-bom@^3.0.0
665 silly packumentCache full:https://registry.npmjs.org/strip-bom cache-miss
666 http fetch GET 200 https://registry.npmjs.org/esprima 1481ms (cache miss)
667 silly packumentCache full:https://registry.npmjs.org/esprima set size:undefined disposed:false
668 http fetch GET 200 https://registry.npmjs.org/is-regexp 995ms (cache miss)
669 silly packumentCache full:https://registry.npmjs.org/is-regexp set size:undefined disposed:false
670 http fetch GET 200 https://registry.npmjs.org/tiny-invariant 1064ms (cache miss)
671 silly packumentCache full:https://registry.npmjs.org/tiny-invariant set size:undefined disposed:false
672 http fetch GET 200 https://registry.npmjs.org/get-own-enumerable-keys 864ms (cache miss)
673 silly packumentCache full:https://registry.npmjs.org/get-own-enumerable-keys set size:undefined disposed:false
674 http fetch GET 200 https://registry.npmjs.org/caniuse-lite 7242ms (cache miss)
675 silly packumentCache full:https://registry.npmjs.org/caniuse-lite set size:undefined disposed:false
676 http fetch GET 200 https://registry.npmjs.org/tslib 1145ms (cache miss)
677 silly packumentCache full:https://registry.npmjs.org/tslib set size:undefined disposed:false
678 http fetch GET 200 https://registry.npmjs.org/source-map 1401ms (cache miss)
679 silly packumentCache full:https://registry.npmjs.org/source-map set size:undefined disposed:false
680 http cache https://registry.npmjs.org/json5 570ms (cache hit)
681 silly packumentCache full:https://registry.npmjs.org/json5 set size:86136 disposed:false
682 http fetch GET 200 https://registry.npmjs.org/ast-types 1876ms (cache miss)
683 silly packumentCache full:https://registry.npmjs.org/ast-types set size:undefined disposed:false
684 http fetch GET 200 https://registry.npmjs.org/minimist 619ms (cache miss)
685 silly packumentCache full:https://registry.npmjs.org/minimist set size:undefined disposed:false
686 http fetch GET 200 https://registry.npmjs.org/code-block-writer 920ms (cache miss)
687 silly packumentCache full:https://registry.npmjs.org/code-block-writer set size:undefined disposed:false
688 http fetch GET 200 https://registry.npmjs.org/strip-bom 596ms (cache miss)
689 silly packumentCache full:https://registry.npmjs.org/strip-bom set size:undefined disposed:false
690 http fetch GET 200 https://registry.npmjs.org/@ts-morph%2fcommon 1221ms (cache miss)
691 silly packumentCache full:https://registry.npmjs.org/@ts-morph%2fcommon set size:undefined disposed:false
692 http fetch GET 200 https://registry.npmjs.org/hono 9391ms (cache miss)
693 silly packumentCache full:https://registry.npmjs.org/hono set size:undefined disposed:false
694 http fetch GET 200 https://registry.npmjs.org/electron-to-chromium 8280ms (cache miss)
695 silly packumentCache full:https://registry.npmjs.org/electron-to-chromium set size:undefined disposed:false
696 silly fetch manifest @babel/core@^7.0.0
697 silly packumentCache full:https://registry.npmjs.org/@babel%2fcore cache-miss
698 http cache https://registry.npmjs.org/@babel%2fcore 28ms (cache hit)
699 silly packumentCache full:https://registry.npmjs.org/@babel%2fcore set size:779631 disposed:false
700 silly placeDep ROOT @babel/code-frame@7.29.7 OK for: @babel/core@7.29.7 want: ^7.29.7
701 silly placeDep ROOT @babel/generator@7.29.7 OK for: @babel/core@7.29.7 want: ^7.29.7
702 silly placeDep ROOT @babel/helper-compilation-targets@7.29.7 OK for: @babel/core@7.29.7 want: ^7.29.7
703 silly placeDep ROOT @babel/helper-module-transforms@7.29.7 OK for: @babel/core@7.29.7 want: ^7.29.7
704 silly placeDep ROOT @babel/helpers@7.29.7 OK for: @babel/core@7.29.7 want: ^7.29.7
705 silly placeDep ROOT @babel/template@7.29.7 OK for: @babel/core@7.29.7 want: ^7.29.7
706 silly placeDep ROOT @babel/traverse@7.29.7 OK for: @babel/core@7.29.7 want: ^7.29.7
707 silly placeDep ROOT @babel/types@7.29.7 OK for: @babel/core@7.29.7 want: ^7.29.7
708 silly placeDep ROOT @jridgewell/remapping@2.3.5 OK for: @babel/core@7.29.7 want: ^2.3.5
709 silly placeDep ROOT convert-source-map@2.0.0 OK for: @babel/core@7.29.7 want: ^2.0.0
710 silly placeDep ROOT debug@4.4.3 OK for: @babel/core@7.29.7 want: ^4.1.0
711 silly placeDep ROOT gensync@1.0.0-beta.2 OK for: @babel/core@7.29.7 want: ^1.0.0-beta.2
712 silly placeDep ROOT json5@2.2.3 OK for: @babel/core@7.29.7 want: ^2.2.3
713 silly placeDep ROOT semver@6.3.1 OK for: @babel/core@7.29.7 want: ^6.3.1
714 silly fetch manifest @babel/helper-validator-identifier@^7.29.7
715 silly packumentCache full:https://registry.npmjs.org/@babel%2fhelper-validator-identifier cache-miss
716 silly fetch manifest js-tokens@^4.0.0
717 silly packumentCache full:https://registry.npmjs.org/js-tokens cache-miss
718 silly fetch manifest @jridgewell/gen-mapping@^0.3.12
719 silly packumentCache full:https://registry.npmjs.org/@jridgewell%2fgen-mapping cache-miss
720 silly fetch manifest @jridgewell/trace-mapping@^0.3.28
721 silly packumentCache full:https://registry.npmjs.org/@jridgewell%2ftrace-mapping cache-miss
722 silly fetch manifest jsesc@^3.0.2
723 silly packumentCache full:https://registry.npmjs.org/jsesc cache-miss
724 silly fetch manifest @babel/compat-data@^7.29.7
725 silly packumentCache full:https://registry.npmjs.org/@babel%2fcompat-data cache-miss
726 silly fetch manifest lru-cache@^5.1.1
727 silly packumentCache full:https://registry.npmjs.org/lru-cache cache-miss
728 silly fetch manifest @babel/helper-module-imports@^7.29.7
729 silly packumentCache full:https://registry.npmjs.org/@babel%2fhelper-module-imports cache-miss
730 silly fetch manifest @babel/helper-validator-identifier@^7.29.7
731 silly packumentCache full:https://registry.npmjs.org/@babel%2fhelper-validator-identifier cache-miss
732 silly fetch manifest @babel/helper-globals@^7.29.7
733 silly packumentCache full:https://registry.npmjs.org/@babel%2fhelper-globals cache-miss
734 silly fetch manifest debug@^4.3.1
735 silly packumentCache full:https://registry.npmjs.org/debug cache-hit
736 silly fetch manifest @babel/helper-string-parser@^7.29.7
737 silly packumentCache full:https://registry.npmjs.org/@babel%2fhelper-string-parser cache-miss
738 silly fetch manifest @babel/helper-validator-identifier@^7.29.7
739 silly packumentCache full:https://registry.npmjs.org/@babel%2fhelper-validator-identifier cache-miss
740 silly fetch manifest @jridgewell/gen-mapping@^0.3.5
741 silly packumentCache full:https://registry.npmjs.org/@jridgewell%2fgen-mapping cache-miss
742 silly fetch manifest @jridgewell/trace-mapping@^0.3.24
743 silly packumentCache full:https://registry.npmjs.org/@jridgewell%2ftrace-mapping cache-miss
744 silly fetch manifest ms@^2.1.3
745 silly packumentCache full:https://registry.npmjs.org/ms cache-miss
746 http fetch GET 200 https://registry.npmjs.org/js-tokens 160ms (cache miss)
747 silly packumentCache full:https://registry.npmjs.org/js-tokens set size:undefined disposed:false
748 http fetch GET 200 https://registry.npmjs.org/@babel%2fhelper-globals 256ms (cache miss)
749 silly packumentCache full:https://registry.npmjs.org/@babel%2fhelper-globals set size:undefined disposed:false
750 http fetch GET 200 https://registry.npmjs.org/jsesc 365ms (cache miss)
751 silly packumentCache full:https://registry.npmjs.org/jsesc set size:undefined disposed:false
752 http fetch GET 200 https://registry.npmjs.org/ms 342ms (cache miss)
753 silly packumentCache full:https://registry.npmjs.org/ms set size:undefined disposed:false
754 http fetch GET 200 https://registry.npmjs.org/@jridgewell%2fgen-mapping 402ms (cache miss)
755 silly packumentCache full:https://registry.npmjs.org/@jridgewell%2fgen-mapping set size:undefined disposed:false
756 http fetch GET 200 https://registry.npmjs.org/@jridgewell%2ftrace-mapping 450ms (cache miss)
757 silly packumentCache full:https://registry.npmjs.org/@jridgewell%2ftrace-mapping set size:undefined disposed:false
758 http fetch GET 200 https://registry.npmjs.org/@babel%2fhelper-validator-identifier 433ms (cache miss)
759 silly packumentCache full:https://registry.npmjs.org/@babel%2fhelper-validator-identifier set size:undefined disposed:false
760 http fetch GET 200 https://registry.npmjs.org/@jridgewell%2ftrace-mapping 521ms (cache miss)
761 silly packumentCache full:https://registry.npmjs.org/@jridgewell%2ftrace-mapping set size:undefined disposed:false
762 http fetch GET 200 https://registry.npmjs.org/lru-cache 727ms (cache miss)
763 silly packumentCache full:https://registry.npmjs.org/lru-cache set size:undefined disposed:false
764 http fetch GET 200 https://registry.npmjs.org/@babel%2fhelper-string-parser 727ms (cache miss)
765 silly packumentCache full:https://registry.npmjs.org/@babel%2fhelper-string-parser set size:undefined disposed:false
766 http fetch GET 200 https://registry.npmjs.org/@babel%2fhelper-validator-identifier 782ms (cache miss)
767 silly packumentCache full:https://registry.npmjs.org/@babel%2fhelper-validator-identifier set size:undefined disposed:false
768 http fetch GET 200 https://registry.npmjs.org/@babel%2fhelper-validator-identifier 810ms (cache miss)
769 silly packumentCache full:https://registry.npmjs.org/@babel%2fhelper-validator-identifier set size:undefined disposed:false
770 http fetch GET 200 https://registry.npmjs.org/@babel%2fhelper-module-imports 826ms (cache miss)
771 silly packumentCache full:https://registry.npmjs.org/@babel%2fhelper-module-imports set size:undefined disposed:false
772 http fetch GET 200 https://registry.npmjs.org/@babel%2fcompat-data 843ms (cache miss)
773 silly packumentCache full:https://registry.npmjs.org/@babel%2fcompat-data set size:undefined disposed:false
774 http fetch GET 200 https://registry.npmjs.org/@jridgewell%2fgen-mapping 872ms (cache miss)
775 silly packumentCache full:https://registry.npmjs.org/@jridgewell%2fgen-mapping set size:undefined disposed:false
776 silly placeDep ROOT @babel/helper-validator-identifier@7.29.7 OK for: @babel/code-frame@7.29.7 want: ^7.29.7
777 silly placeDep ROOT js-tokens@4.0.0 OK for: @babel/code-frame@7.29.7 want: ^4.0.0
778 silly placeDep ROOT picocolors@1.1.1 OK for: @babel/code-frame@7.29.7 want: ^1.1.1
779 silly placeDep ROOT @jridgewell/gen-mapping@0.3.13 OK for: @babel/generator@7.29.7 want: ^0.3.12
780 silly placeDep ROOT @jridgewell/trace-mapping@0.3.31 OK for: @babel/generator@7.29.7 want: ^0.3.28
781 silly placeDep ROOT jsesc@3.1.0 OK for: @babel/generator@7.29.7 want: ^3.0.2
782 silly fetch manifest @jridgewell/sourcemap-codec@^1.5.0
783 silly packumentCache full:https://registry.npmjs.org/@jridgewell%2fsourcemap-codec cache-miss
784 silly fetch manifest @jridgewell/resolve-uri@^3.1.0
785 silly packumentCache full:https://registry.npmjs.org/@jridgewell%2fresolve-uri cache-miss
786 silly fetch manifest @jridgewell/sourcemap-codec@^1.4.14
787 silly packumentCache full:https://registry.npmjs.org/@jridgewell%2fsourcemap-codec cache-miss
788 http fetch GET 200 https://registry.npmjs.org/@jridgewell%2fresolve-uri 130ms (cache miss)
789 silly packumentCache full:https://registry.npmjs.org/@jridgewell%2fresolve-uri set size:undefined disposed:false
790 http fetch GET 200 https://registry.npmjs.org/@jridgewell%2fsourcemap-codec 630ms (cache miss)
791 silly packumentCache full:https://registry.npmjs.org/@jridgewell%2fsourcemap-codec set size:undefined disposed:false
792 http fetch GET 200 https://registry.npmjs.org/@jridgewell%2fsourcemap-codec 646ms (cache miss)
793 silly packumentCache full:https://registry.npmjs.org/@jridgewell%2fsourcemap-codec set size:undefined disposed:false
794 silly placeDep ROOT @babel/compat-data@7.29.7 OK for: @babel/helper-compilation-targets@7.29.7 want: ^7.29.7
795 silly placeDep ROOT @babel/helper-validator-option@7.29.7 OK for: @babel/helper-compilation-targets@7.29.7 want: ^7.29.7
796 silly placeDep ROOT lru-cache@5.1.1 OK for: @babel/helper-compilation-targets@7.29.7 want: ^5.1.1
797 silly fetch manifest yallist@^3.0.2
798 silly packumentCache full:https://registry.npmjs.org/yallist cache-miss
799 http fetch GET 200 https://registry.npmjs.org/yallist 162ms (cache miss)
800 silly packumentCache full:https://registry.npmjs.org/yallist set size:undefined disposed:false
801 silly placeDep ROOT @babel/helper-module-imports@7.29.7 OK for: @babel/helper-module-transforms@7.29.7 want: ^7.29.7
802 silly fetch manifest @babel/core@^7.0.0-0
803 silly packumentCache full:https://registry.npmjs.org/@babel%2fcore cache-hit
804 silly fetch manifest @babel/plugin-syntax-typescript@^7.29.7
805 silly packumentCache full:https://registry.npmjs.org/@babel%2fplugin-syntax-typescript cache-miss
806 http fetch GET 200 https://registry.npmjs.org/@babel%2fplugin-syntax-typescript 120ms (cache miss)
807 silly packumentCache full:https://registry.npmjs.org/@babel%2fplugin-syntax-typescript set size:undefined disposed:false
808 silly placeDep ROOT @babel/helper-annotate-as-pure@7.29.7 OK for: @babel/plugin-transform-typescript@7.29.7 want: ^7.29.7
809 silly placeDep ROOT @babel/helper-create-class-features-plugin@7.29.7 OK for: @babel/plugin-transform-typescript@7.29.7 want: ^7.29.7
810 silly placeDep ROOT @babel/helper-plugin-utils@7.29.7 OK for: @babel/plugin-transform-typescript@7.29.7 want: ^7.29.7
811 silly placeDep ROOT @babel/helper-skip-transparent-expression-wrappers@7.29.7 OK for: @babel/plugin-transform-typescript@7.29.7 want: ^7.29.7
812 silly placeDep ROOT @babel/plugin-syntax-typescript@7.29.7 OK for: @babel/plugin-transform-typescript@7.29.7 want: ^7.29.7
813 silly fetch manifest @babel/helper-member-expression-to-functions@^7.29.7
814 silly packumentCache full:https://registry.npmjs.org/@babel%2fhelper-member-expression-to-functions cache-miss
815 silly fetch manifest @babel/helper-optimise-call-expression@^7.29.7
816 silly packumentCache full:https://registry.npmjs.org/@babel%2fhelper-optimise-call-expression cache-miss
817 silly fetch manifest @babel/helper-replace-supers@^7.29.7
818 silly packumentCache full:https://registry.npmjs.org/@babel%2fhelper-replace-supers cache-miss
819 http fetch GET 200 https://registry.npmjs.org/@babel%2fhelper-replace-supers 183ms (cache miss)
820 silly packumentCache full:https://registry.npmjs.org/@babel%2fhelper-replace-supers set size:undefined disposed:false
821 http fetch GET 200 https://registry.npmjs.org/@babel%2fhelper-optimise-call-expression 203ms (cache miss)
822 silly packumentCache full:https://registry.npmjs.org/@babel%2fhelper-optimise-call-expression set size:undefined disposed:false
823 http fetch GET 200 https://registry.npmjs.org/@babel%2fhelper-member-expression-to-functions 293ms (cache miss)
824 silly packumentCache full:https://registry.npmjs.org/@babel%2fhelper-member-expression-to-functions set size:undefined disposed:false
825 silly placeDep ROOT @babel/helper-member-expression-to-functions@7.29.7 OK for: @babel/helper-create-class-features-plugin@7.29.7 want: ^7.29.7
826 silly placeDep ROOT @babel/helper-optimise-call-expression@7.29.7 OK for: @babel/helper-create-class-features-plugin@7.29.7 want: ^7.29.7
827 silly placeDep ROOT @babel/helper-replace-supers@7.29.7 OK for: @babel/helper-create-class-features-plugin@7.29.7 want: ^7.29.7
828 silly placeDep ROOT @babel/plugin-syntax-jsx@7.29.7 OK for: @babel/preset-typescript@7.29.7 want: ^7.29.7
829 silly placeDep ROOT @babel/plugin-transform-modules-commonjs@7.29.7 OK for: @babel/preset-typescript@7.29.7 want: ^7.29.7
830 silly placeDep ROOT @babel/helper-globals@7.29.7 OK for: @babel/traverse@7.29.7 want: ^7.29.7
831 silly placeDep ROOT @babel/helper-string-parser@7.29.7 OK for: @babel/types@7.29.7 want: ^7.29.7
832 silly placeDep node_modules/@dotenvx/dotenvx commander@11.1.0 OK for: @dotenvx/dotenvx@1.71.3 want: ^11.1.0
833 silly placeDep ROOT dotenv@17.4.2 OK for: @dotenvx/dotenvx@1.71.3 want: ^17.2.1
834 silly placeDep ROOT eciesjs@0.4.18 OK for: @dotenvx/dotenvx@1.71.3 want: ^0.4.10
835 silly placeDep ROOT enquirer@2.4.1 OK for: @dotenvx/dotenvx@1.71.3 want: ^2.4.1
836 silly placeDep node_modules/@dotenvx/dotenvx execa@5.1.1 OK for: @dotenvx/dotenvx@1.71.3 want: ^5.1.1
837 silly placeDep ROOT fdir@6.5.0 OK for: @dotenvx/dotenvx@1.71.3 want: ^6.2.0
838 silly placeDep ROOT ignore@5.3.2 OK for: @dotenvx/dotenvx@1.71.3 want: ^5.3.0
839 silly placeDep ROOT object-treeify@1.1.33 OK for: @dotenvx/dotenvx@1.71.3 want: 1.1.33
840 silly placeDep ROOT picomatch@4.0.4 OK for: @dotenvx/dotenvx@1.71.3 want: ^4.0.4
841 silly placeDep ROOT which@4.0.0 OK for: @dotenvx/dotenvx@1.71.3 want: ^4.0.0
842 silly placeDep ROOT yocto-spinner@1.2.0 OK for: @dotenvx/dotenvx@1.71.3 want: ^1.1.0
843 silly fetch manifest @noble/curves@^1.9.7
844 silly packumentCache full:https://registry.npmjs.org/@noble%2fcurves cache-miss
845 silly fetch manifest @noble/hashes@^1.8.0
846 silly packumentCache full:https://registry.npmjs.org/@noble%2fhashes cache-miss
847 silly fetch manifest @ecies/ciphers@^0.2.5
848 silly packumentCache full:https://registry.npmjs.org/@ecies%2fciphers cache-miss
849 silly fetch manifest @noble/ciphers@^1.3.0
850 silly packumentCache full:https://registry.npmjs.org/@noble%2fciphers cache-miss
851 silly fetch manifest ansi-colors@^4.1.1
852 silly packumentCache full:https://registry.npmjs.org/ansi-colors cache-miss
853 silly fetch manifest strip-ansi@^6.0.1
854 silly packumentCache full:https://registry.npmjs.org/strip-ansi cache-miss
855 silly fetch manifest onetime@^5.1.2
856 silly packumentCache full:https://registry.npmjs.org/onetime cache-miss
857 silly fetch manifest is-stream@^2.0.0
858 silly packumentCache full:https://registry.npmjs.org/is-stream cache-miss
859 silly fetch manifest get-stream@^6.0.0
860 silly packumentCache full:https://registry.npmjs.org/get-stream cache-miss
861 silly fetch manifest cross-spawn@^7.0.3
862 silly packumentCache full:https://registry.npmjs.org/cross-spawn cache-hit
863 silly fetch manifest signal-exit@^3.0.3
864 silly packumentCache full:https://registry.npmjs.org/signal-exit cache-miss
865 silly fetch manifest merge-stream@^2.0.0
866 silly packumentCache full:https://registry.npmjs.org/merge-stream cache-miss
867 silly fetch manifest npm-run-path@^4.0.1
868 silly packumentCache full:https://registry.npmjs.org/npm-run-path cache-miss
869 silly fetch manifest human-signals@^2.1.0
870 silly packumentCache full:https://registry.npmjs.org/human-signals cache-miss
871 silly fetch manifest strip-final-newline@^2.0.0
872 silly packumentCache full:https://registry.npmjs.org/strip-final-newline cache-miss
873 silly fetch manifest isexe@^3.1.1
874 silly packumentCache full:https://registry.npmjs.org/isexe cache-miss
875 http cache https://registry.npmjs.org/is-stream 134ms (cache hit)
876 silly packumentCache full:https://registry.npmjs.org/is-stream set size:18582 disposed:false
877 http cache https://registry.npmjs.org/strip-ansi 146ms (cache hit)
878 silly packumentCache full:https://registry.npmjs.org/strip-ansi set size:44998 disposed:false
879 http cache https://registry.npmjs.org/npm-run-path 153ms (cache hit)
880 silly packumentCache full:https://registry.npmjs.org/npm-run-path set size:33596 disposed:false
881 http cache https://registry.npmjs.org/get-stream 161ms (cache hit)
882 silly packumentCache full:https://registry.npmjs.org/get-stream set size:57536 disposed:false
883 http cache https://registry.npmjs.org/strip-final-newline 172ms (cache hit)
884 silly packumentCache full:https://registry.npmjs.org/strip-final-newline set size:9328 disposed:false
885 http cache https://registry.npmjs.org/human-signals 180ms (cache hit)
886 silly packumentCache full:https://registry.npmjs.org/human-signals set size:47322 disposed:false
887 http cache https://registry.npmjs.org/signal-exit 186ms (cache hit)
888 silly packumentCache full:https://registry.npmjs.org/signal-exit set size:53489 disposed:false
889 http fetch GET 200 https://registry.npmjs.org/isexe 186ms (cache miss)
890 silly packumentCache full:https://registry.npmjs.org/isexe set size:undefined disposed:false
891 http fetch GET 200 https://registry.npmjs.org/ansi-colors 216ms (cache miss)
892 silly packumentCache full:https://registry.npmjs.org/ansi-colors set size:undefined disposed:false
893 http fetch GET 200 https://registry.npmjs.org/onetime 308ms (cache miss)
894 silly packumentCache full:https://registry.npmjs.org/onetime set size:undefined disposed:false
895 http fetch GET 200 https://registry.npmjs.org/merge-stream 325ms (cache miss)
896 silly packumentCache full:https://registry.npmjs.org/merge-stream set size:undefined disposed:false
897 http fetch GET 200 https://registry.npmjs.org/@ecies%2fciphers 858ms (cache miss)
898 silly packumentCache full:https://registry.npmjs.org/@ecies%2fciphers set size:undefined disposed:false
899 http fetch GET 200 https://registry.npmjs.org/@noble%2fhashes 875ms (cache miss)
900 silly packumentCache full:https://registry.npmjs.org/@noble%2fhashes set size:undefined disposed:false
901 http fetch GET 200 https://registry.npmjs.org/@noble%2fcurves 894ms (cache miss)
902 silly packumentCache full:https://registry.npmjs.org/@noble%2fcurves set size:undefined disposed:false
903 http fetch GET 200 https://registry.npmjs.org/@noble%2fciphers 963ms (cache miss)
904 silly packumentCache full:https://registry.npmjs.org/@noble%2fciphers set size:undefined disposed:false
905 silly placeDep ROOT @jridgewell/sourcemap-codec@1.5.5 OK for: @jridgewell/gen-mapping@0.3.13 want: ^1.5.0
906 silly placeDep ROOT @jridgewell/resolve-uri@3.1.2 OK for: @jridgewell/trace-mapping@0.3.31 want: ^3.1.0
907 silly placeDep ROOT @hono/node-server@1.19.14 OK for: @modelcontextprotocol/sdk@1.29.0 want: ^1.19.9
908 silly placeDep ROOT hono@4.12.25 OK for: @hono/node-server@1.19.14 want: ^4
909 silly placeDep ROOT ajv@8.20.0 OK for: @modelcontextprotocol/sdk@1.29.0 want: ^8.17.1
910 silly placeDep ROOT ajv-formats@3.0.1 OK for: @modelcontextprotocol/sdk@1.29.0 want: ^3.0.1
911 silly placeDep ROOT content-type@1.0.5 OK for: @modelcontextprotocol/sdk@1.29.0 want: ^1.0.5
912 silly placeDep ROOT cors@2.8.6 OK for: @modelcontextprotocol/sdk@1.29.0 want: ^2.8.5
913 silly placeDep ROOT cross-spawn@7.0.6 OK for: @modelcontextprotocol/sdk@1.29.0 want: ^7.0.5
914 silly placeDep ROOT eventsource@3.0.7 OK for: @modelcontextprotocol/sdk@1.29.0 want: ^3.0.2
915 silly placeDep ROOT eventsource-parser@3.1.0 OK for: @modelcontextprotocol/sdk@1.29.0 want: ^3.0.0
916 silly placeDep ROOT express@5.2.1 OK for: @modelcontextprotocol/sdk@1.29.0 want: ^5.2.1
917 silly placeDep ROOT express-rate-limit@8.5.2 OK for: @modelcontextprotocol/sdk@1.29.0 want: ^8.2.1
918 silly placeDep ROOT jose@6.2.3 OK for: @modelcontextprotocol/sdk@1.29.0 want: ^6.1.3
919 silly placeDep ROOT json-schema-typed@8.0.2 OK for: @modelcontextprotocol/sdk@1.29.0 want: ^8.0.2
920 silly placeDep ROOT pkce-challenge@5.0.1 OK for: @modelcontextprotocol/sdk@1.29.0 want: ^5.0.0
921 silly placeDep ROOT raw-body@3.0.2 OK for: @modelcontextprotocol/sdk@1.29.0 want: ^3.0.0
922 silly fetch manifest fast-deep-equal@^3.1.3
923 silly packumentCache full:https://registry.npmjs.org/fast-deep-equal cache-miss
924 silly fetch manifest fast-uri@^3.0.1
925 silly packumentCache full:https://registry.npmjs.org/fast-uri cache-miss
926 silly fetch manifest json-schema-traverse@^1.0.0
927 silly packumentCache full:https://registry.npmjs.org/json-schema-traverse cache-miss
928 silly fetch manifest require-from-string@^2.0.2
929 silly packumentCache full:https://registry.npmjs.org/require-from-string cache-miss
930 silly fetch manifest object-assign@^4
931 silly packumentCache full:https://registry.npmjs.org/object-assign cache-miss
932 silly fetch manifest vary@^1
933 silly packumentCache full:https://registry.npmjs.org/vary cache-miss
934 silly fetch manifest which@^2.0.1
935 silly packumentCache full:https://registry.npmjs.org/which cache-miss
936 silly fetch manifest path-key@^3.1.0
937 silly packumentCache full:https://registry.npmjs.org/path-key cache-miss
938 silly fetch manifest shebang-command@^2.0.0
939 silly packumentCache full:https://registry.npmjs.org/shebang-command cache-miss
940 silly fetch manifest eventsource-parser@^3.0.1
941 silly packumentCache full:https://registry.npmjs.org/eventsource-parser cache-miss
942 silly fetch manifest qs@^6.14.0
943 silly packumentCache full:https://registry.npmjs.org/qs cache-miss
944 silly fetch manifest depd@^2.0.0
945 silly packumentCache full:https://registry.npmjs.org/depd cache-miss
946 silly fetch manifest etag@^1.8.1
947 silly packumentCache full:https://registry.npmjs.org/etag cache-miss
948 silly fetch manifest once@^1.4.0
949 silly packumentCache full:https://registry.npmjs.org/once cache-miss
950 silly fetch manifest send@^1.1.0
951 silly packumentCache full:https://registry.npmjs.org/send cache-miss
952 http cache https://registry.npmjs.org/which 125ms (cache hit)
953 silly packumentCache full:https://registry.npmjs.org/which set size:70143 disposed:false
954 silly fetch manifest vary@^1.1.2
955 silly packumentCache full:https://registry.npmjs.org/vary cache-miss
956 http cache https://registry.npmjs.org/eventsource-parser 135ms (cache hit)
957 silly packumentCache full:https://registry.npmjs.org/eventsource-parser set size:78018 disposed:false
958 silly fetch manifest fresh@^2.0.0
959 silly packumentCache full:https://registry.npmjs.org/fresh cache-miss
960 http fetch GET 200 https://registry.npmjs.org/shebang-command 287ms (cache miss)
961 silly packumentCache full:https://registry.npmjs.org/shebang-command set size:undefined disposed:false
962 silly fetch manifest cookie@^0.7.1
963 silly packumentCache full:https://registry.npmjs.org/cookie cache-miss
964 http fetch GET 200 https://registry.npmjs.org/once 345ms (cache miss)
965 silly packumentCache full:https://registry.npmjs.org/once set size:undefined disposed:false
966 silly fetch manifest router@^2.2.0
967 silly packumentCache full:https://registry.npmjs.org/router cache-miss
968 http fetch GET 200 https://registry.npmjs.org/path-key 381ms (cache miss)
969 silly packumentCache full:https://registry.npmjs.org/path-key set size:undefined disposed:false
970 silly fetch manifest accepts@^2.0.0
971 silly packumentCache full:https://registry.npmjs.org/accepts cache-miss
972 http fetch GET 200 https://registry.npmjs.org/fast-deep-equal 400ms (cache miss)
973 silly packumentCache full:https://registry.npmjs.org/fast-deep-equal set size:undefined disposed:false
974 silly fetch manifest type-is@^2.0.1
975 silly packumentCache full:https://registry.npmjs.org/type-is cache-miss
976 http fetch GET 200 https://registry.npmjs.org/depd 425ms (cache miss)
977 silly packumentCache full:https://registry.npmjs.org/depd set size:undefined disposed:false
978 silly fetch manifest parseurl@^1.3.3
979 silly packumentCache full:https://registry.npmjs.org/parseurl cache-miss
980 http fetch GET 200 https://registry.npmjs.org/vary 477ms (cache miss)
981 silly packumentCache full:https://registry.npmjs.org/vary set size:undefined disposed:false
982 silly fetch manifest statuses@^2.0.1
983 silly packumentCache full:https://registry.npmjs.org/statuses cache-miss
984 http fetch GET 200 https://registry.npmjs.org/object-assign 489ms (cache miss)
985 silly packumentCache full:https://registry.npmjs.org/object-assign set size:undefined disposed:false
986 silly fetch manifest encodeurl@^2.0.0
987 silly packumentCache full:https://registry.npmjs.org/encodeurl cache-miss
988 http fetch GET 200 https://registry.npmjs.org/json-schema-traverse 545ms (cache miss)
989 silly packumentCache full:https://registry.npmjs.org/json-schema-traverse set size:undefined disposed:false
990 silly fetch manifest mime-types@^3.0.0
991 silly packumentCache full:https://registry.npmjs.org/mime-types cache-miss
992 http fetch GET 200 https://registry.npmjs.org/fresh 650ms (cache miss)
993 silly packumentCache full:https://registry.npmjs.org/fresh set size:undefined disposed:false
994 silly fetch manifest proxy-addr@^2.0.7
995 silly packumentCache full:https://registry.npmjs.org/proxy-addr cache-miss
996 http fetch GET 200 https://registry.npmjs.org/require-from-string 847ms (cache miss)
997 silly packumentCache full:https://registry.npmjs.org/require-from-string set size:undefined disposed:false
998 silly fetch manifest body-parser@^2.2.1
999 silly packumentCache full:https://registry.npmjs.org/body-parser cache-miss
1000 http fetch GET 200 https://registry.npmjs.org/fast-uri 895ms (cache miss)
1001 silly packumentCache full:https://registry.npmjs.org/fast-uri set size:undefined disposed:false
1002 silly fetch manifest escape-html@^1.0.3
1003 silly packumentCache full:https://registry.npmjs.org/escape-html cache-miss
1004 http fetch GET 200 https://registry.npmjs.org/etag 1023ms (cache miss)
1005 silly packumentCache full:https://registry.npmjs.org/etag set size:undefined disposed:false
1006 silly fetch manifest http-errors@^2.0.0
1007 silly packumentCache full:https://registry.npmjs.org/http-errors cache-miss
1008 http fetch GET 200 https://registry.npmjs.org/vary 1010ms (cache miss)
1009 silly packumentCache full:https://registry.npmjs.org/vary set size:undefined disposed:false
1010 silly fetch manifest on-finished@^2.4.1
1011 silly packumentCache full:https://registry.npmjs.org/on-finished cache-miss
1012 http fetch GET 200 https://registry.npmjs.org/qs 1177ms (cache miss)
1013 silly packumentCache full:https://registry.npmjs.org/qs set size:undefined disposed:false
1014 silly fetch manifest finalhandler@^2.1.0
1015 silly packumentCache full:https://registry.npmjs.org/finalhandler cache-miss
1016 http fetch GET 200 https://registry.npmjs.org/parseurl 765ms (cache miss)
1017 silly packumentCache full:https://registry.npmjs.org/parseurl set size:undefined disposed:false
1018 silly fetch manifest range-parser@^1.2.1
1019 silly packumentCache full:https://registry.npmjs.org/range-parser cache-miss
1020 http fetch GET 200 https://registry.npmjs.org/send 1214ms (cache miss)
1021 silly packumentCache full:https://registry.npmjs.org/send set size:undefined disposed:false
1022 silly fetch manifest serve-static@^2.2.0
1023 silly packumentCache full:https://registry.npmjs.org/serve-static cache-miss
1024 http fetch GET 200 https://registry.npmjs.org/encodeurl 790ms (cache miss)
1025 silly packumentCache full:https://registry.npmjs.org/encodeurl set size:undefined disposed:false
1026 silly fetch manifest cookie-signature@^1.2.1
1027 silly packumentCache full:https://registry.npmjs.org/cookie-signature cache-miss
1028 http fetch GET 200 https://registry.npmjs.org/cookie 1075ms (cache miss)
1029 silly packumentCache full:https://registry.npmjs.org/cookie set size:undefined disposed:false
1030 silly fetch manifest merge-descriptors@^2.0.0
1031 silly packumentCache full:https://registry.npmjs.org/merge-descriptors cache-miss
1032 http fetch GET 200 https://registry.npmjs.org/accepts 1034ms (cache miss)
1033 silly packumentCache full:https://registry.npmjs.org/accepts set size:undefined disposed:false
1034 silly fetch manifest content-disposition@^1.0.0
1035 silly packumentCache full:https://registry.npmjs.org/content-disposition cache-miss
1036 http fetch GET 200 https://registry.npmjs.org/type-is 1068ms (cache miss)
1037 silly packumentCache full:https://registry.npmjs.org/type-is set size:undefined disposed:false
1038 silly fetch manifest ip-address@^10.2.0
1039 silly packumentCache full:https://registry.npmjs.org/ip-address cache-miss
1040 http fetch GET 200 https://registry.npmjs.org/statuses 1045ms (cache miss)
1041 silly packumentCache full:https://registry.npmjs.org/statuses set size:undefined disposed:false
1042 silly fetch manifest bytes@~3.1.2
1043 silly packumentCache full:https://registry.npmjs.org/bytes cache-miss
1044 http fetch GET 200 https://registry.npmjs.org/router 1196ms (cache miss)
1045 silly packumentCache full:https://registry.npmjs.org/router set size:undefined disposed:false
1046 silly fetch manifest unpipe@~1.0.0
1047 silly packumentCache full:https://registry.npmjs.org/unpipe cache-miss
1048 http fetch GET 200 https://registry.npmjs.org/proxy-addr 877ms (cache miss)
1049 silly packumentCache full:https://registry.npmjs.org/proxy-addr set size:undefined disposed:false
1050 silly fetch manifest iconv-lite@~0.7.0
1051 silly packumentCache full:https://registry.npmjs.org/iconv-lite cache-miss
1052 http fetch GET 200 https://registry.npmjs.org/mime-types 1182ms (cache miss)
1053 silly packumentCache full:https://registry.npmjs.org/mime-types set size:undefined disposed:false
1054 silly fetch manifest http-errors@~2.0.1
1055 silly packumentCache full:https://registry.npmjs.org/http-errors cache-miss
1056 http fetch GET 200 https://registry.npmjs.org/escape-html 848ms (cache miss)
1057 silly packumentCache full:https://registry.npmjs.org/escape-html set size:undefined disposed:false
1058 http fetch GET 200 https://registry.npmjs.org/finalhandler 770ms (cache miss)
1059 silly packumentCache full:https://registry.npmjs.org/finalhandler set size:undefined disposed:false
1060 http fetch GET 200 https://registry.npmjs.org/on-finished 827ms (cache miss)
1061 silly packumentCache full:https://registry.npmjs.org/on-finished set size:undefined disposed:false
1062 http fetch GET 200 https://registry.npmjs.org/http-errors 979ms (cache miss)
1063 silly packumentCache full:https://registry.npmjs.org/http-errors set size:undefined disposed:false
1064 http fetch GET 200 https://registry.npmjs.org/body-parser 1181ms (cache miss)
1065 silly packumentCache full:https://registry.npmjs.org/body-parser set size:undefined disposed:false
1066 http fetch GET 200 https://registry.npmjs.org/cookie-signature 793ms (cache miss)
1067 silly packumentCache full:https://registry.npmjs.org/cookie-signature set size:undefined disposed:false
1068 http fetch GET 200 https://registry.npmjs.org/merge-descriptors 696ms (cache miss)
1069 silly packumentCache full:https://registry.npmjs.org/merge-descriptors set size:undefined disposed:false
1070 http fetch GET 200 https://registry.npmjs.org/bytes 628ms (cache miss)
1071 silly packumentCache full:https://registry.npmjs.org/bytes set size:undefined disposed:false
1072 http fetch GET 200 https://registry.npmjs.org/range-parser 962ms (cache miss)
1073 silly packumentCache full:https://registry.npmjs.org/range-parser set size:undefined disposed:false
1074 http fetch GET 200 https://registry.npmjs.org/content-disposition 734ms (cache miss)
1075 silly packumentCache full:https://registry.npmjs.org/content-disposition set size:undefined disposed:false
1076 http fetch GET 200 https://registry.npmjs.org/http-errors 507ms (cache miss)
1077 silly packumentCache full:https://registry.npmjs.org/http-errors set size:undefined disposed:false
1078 http fetch GET 200 https://registry.npmjs.org/serve-static 1017ms (cache miss)
1079 silly packumentCache full:https://registry.npmjs.org/serve-static set size:undefined disposed:false
1080 http fetch GET 200 https://registry.npmjs.org/unpipe 701ms (cache miss)
1081 silly packumentCache full:https://registry.npmjs.org/unpipe set size:undefined disposed:false
1082 http fetch GET 200 https://registry.npmjs.org/iconv-lite 611ms (cache miss)
1083 silly packumentCache full:https://registry.npmjs.org/iconv-lite set size:undefined disposed:false
1084 http fetch GET 200 https://registry.npmjs.org/ip-address 876ms (cache miss)
1085 silly packumentCache full:https://registry.npmjs.org/ip-address set size:undefined disposed:false
1086 silly placeDep ROOT fast-deep-equal@3.1.3 OK for: ajv@8.20.0 want: ^3.1.3
1087 silly placeDep ROOT fast-uri@3.1.2 OK for: ajv@8.20.0 want: ^3.0.1
1088 silly placeDep ROOT json-schema-traverse@1.0.0 OK for: ajv@8.20.0 want: ^1.0.0
1089 silly placeDep ROOT require-from-string@2.0.2 OK for: ajv@8.20.0 want: ^2.0.2
1090 silly fetch manifest browserslist@>= 4.21.0
1091 silly packumentCache full:https://registry.npmjs.org/browserslist cache-miss
1092 http cache https://registry.npmjs.org/browserslist 56ms (cache hit)
1093 silly packumentCache full:https://registry.npmjs.org/browserslist set size:504681 disposed:false
1094 silly placeDep ROOT baseline-browser-mapping@2.10.37 OK for: browserslist@4.28.2 want: ^2.10.12
1095 silly placeDep ROOT caniuse-lite@1.0.30001799 OK for: browserslist@4.28.2 want: ^1.0.30001782
1096 silly placeDep ROOT electron-to-chromium@1.5.372 OK for: browserslist@4.28.2 want: ^1.5.328
1097 silly placeDep ROOT node-releases@2.0.47 OK for: browserslist@4.28.2 want: ^2.0.36
1098 silly placeDep ROOT update-browserslist-db@1.2.3 OK for: browserslist@4.28.2 want: ^1.2.3
1099 silly fetch manifest escalade@^3.2.0
1100 silly packumentCache full:https://registry.npmjs.org/escalade cache-miss
1101 http fetch GET 200 https://registry.npmjs.org/escalade 123ms (cache miss)
1102 silly packumentCache full:https://registry.npmjs.org/escalade set size:undefined disposed:false
1103 silly placeDep ROOT object-assign@4.1.1 OK for: cors@2.8.6 want: ^4
1104 silly placeDep ROOT vary@1.1.2 OK for: cors@2.8.6 want: ^1
1105 silly placeDep ROOT env-paths@2.2.1 OK for: cosmiconfig@9.0.2 want: ^2.2.1
1106 silly placeDep ROOT import-fresh@3.3.1 OK for: cosmiconfig@9.0.2 want: ^3.3.0
1107 silly placeDep ROOT js-yaml@4.2.0 OK for: cosmiconfig@9.0.2 want: ^4.1.0
1108 silly placeDep ROOT parse-json@5.2.0 OK for: cosmiconfig@9.0.2 want: ^5.2.0
1109 silly fetch manifest resolve-from@^4.0.0
1110 silly packumentCache full:https://registry.npmjs.org/resolve-from cache-miss
1111 silly fetch manifest parent-module@^1.0.0
1112 silly packumentCache full:https://registry.npmjs.org/parent-module cache-miss
1113 silly fetch manifest argparse@^2.0.1
1114 silly packumentCache full:https://registry.npmjs.org/argparse cache-miss
1115 silly fetch manifest error-ex@^1.3.1
1116 silly packumentCache full:https://registry.npmjs.org/error-ex cache-miss
1117 silly fetch manifest lines-and-columns@^1.1.6
1118 silly packumentCache full:https://registry.npmjs.org/lines-and-columns cache-miss
1119 silly fetch manifest json-parse-even-better-errors@^2.3.0
1120 silly packumentCache full:https://registry.npmjs.org/json-parse-even-better-errors cache-miss
1121 http fetch GET 200 https://registry.npmjs.org/resolve-from 490ms (cache miss)
1122 silly packumentCache full:https://registry.npmjs.org/resolve-from set size:undefined disposed:false
1123 http fetch GET 200 https://registry.npmjs.org/parent-module 635ms (cache miss)
1124 silly packumentCache full:https://registry.npmjs.org/parent-module set size:undefined disposed:false
1125 http fetch GET 200 https://registry.npmjs.org/lines-and-columns 643ms (cache miss)
1126 silly packumentCache full:https://registry.npmjs.org/lines-and-columns set size:undefined disposed:false
1127 http fetch GET 200 https://registry.npmjs.org/json-parse-even-better-errors 708ms (cache miss)
1128 silly packumentCache full:https://registry.npmjs.org/json-parse-even-better-errors set size:undefined disposed:false
1129 http fetch GET 200 https://registry.npmjs.org/error-ex 720ms (cache miss)
1130 silly packumentCache full:https://registry.npmjs.org/error-ex set size:undefined disposed:false
1131 http fetch GET 200 https://registry.npmjs.org/argparse 728ms (cache miss)
1132 silly packumentCache full:https://registry.npmjs.org/argparse set size:undefined disposed:false
1133 silly placeDep ROOT path-key@3.1.1 OK for: cross-spawn@7.0.6 want: ^3.1.0
1134 silly placeDep ROOT shebang-command@2.0.0 OK for: cross-spawn@7.0.6 want: ^2.0.0
1135 silly placeDep node_modules/cross-spawn which@2.0.2 OK for: cross-spawn@7.0.6 want: ^2.0.1
1136 silly fetch manifest shebang-regex@^3.0.0
1137 silly packumentCache full:https://registry.npmjs.org/shebang-regex cache-miss
1138 silly fetch manifest isexe@^2.0.0
1139 silly packumentCache full:https://registry.npmjs.org/isexe cache-miss
1140 http cache https://registry.npmjs.org/isexe 126ms (cache hit)
1141 silly packumentCache full:https://registry.npmjs.org/isexe set size:31756 disposed:false
1142 http fetch GET 200 https://registry.npmjs.org/shebang-regex 277ms (cache miss)
1143 silly packumentCache full:https://registry.npmjs.org/shebang-regex set size:undefined disposed:false
1144 silly placeDep ROOT ms@2.1.3 OK for: debug@4.4.3 want: ^2.1.3
1145 silly placeDep ROOT @ecies/ciphers@0.2.6 OK for: eciesjs@0.4.18 want: ^0.2.5
1146 silly placeDep ROOT @noble/ciphers@1.3.0 OK for: @ecies/ciphers@0.2.6 want: ^1.0.0
1147 silly placeDep ROOT @noble/curves@1.9.7 OK for: eciesjs@0.4.18 want: ^1.9.7
1148 silly placeDep ROOT @noble/hashes@1.8.0 OK for: eciesjs@0.4.18 want: ^1.8.0
1149 silly fetch manifest @noble/hashes@1.8.0
1150 silly packumentCache full:https://registry.npmjs.org/@noble%2fhashes cache-miss
1151 http cache https://registry.npmjs.org/@noble%2fhashes 12ms (cache hit)
1152 silly packumentCache full:https://registry.npmjs.org/@noble%2fhashes set size:217737 disposed:false
1153 silly placeDep ROOT ansi-colors@4.1.3 OK for: enquirer@2.4.1 want: ^4.1.1
1154 silly placeDep ROOT strip-ansi@6.0.1 OK for: enquirer@2.4.1 want: ^6.0.1
1155 silly fetch manifest ansi-regex@^5.0.1
1156 silly packumentCache full:https://registry.npmjs.org/ansi-regex cache-miss
1157 http fetch GET 200 https://registry.npmjs.org/ansi-regex 112ms (cache miss)
1158 silly packumentCache full:https://registry.npmjs.org/ansi-regex set size:undefined disposed:false
1159 silly placeDep ROOT @sindresorhus/merge-streams@4.0.0 OK for: execa@9.6.1 want: ^4.0.0
1160 silly placeDep ROOT figures@6.1.0 OK for: execa@9.6.1 want: ^6.1.0
1161 silly placeDep ROOT get-stream@9.0.1 OK for: execa@9.6.1 want: ^9.0.0
1162 silly placeDep ROOT human-signals@8.0.1 OK for: execa@9.6.1 want: ^8.0.1
1163 silly placeDep ROOT is-plain-obj@4.1.0 OK for: execa@9.6.1 want: ^4.1.0
1164 silly placeDep ROOT is-stream@4.0.1 OK for: execa@9.6.1 want: ^4.0.1
1165 silly placeDep ROOT npm-run-path@6.0.0 OK for: execa@9.6.1 want: ^6.0.0
1166 silly placeDep ROOT pretty-ms@9.3.0 OK for: execa@9.6.1 want: ^9.2.0
1167 silly placeDep ROOT signal-exit@4.1.0 OK for: execa@9.6.1 want: ^4.1.0
1168 silly placeDep ROOT strip-final-newline@4.0.0 OK for: execa@9.6.1 want: ^4.0.0
1169 silly placeDep ROOT yoctocolors@2.1.2 OK for: execa@9.6.1 want: ^2.1.1
1170 silly fetch manifest @sec-ant/readable-stream@^0.4.1
1171 silly packumentCache full:https://registry.npmjs.org/@sec-ant%2freadable-stream cache-miss
1172 silly fetch manifest path-key@^4.0.0
1173 silly packumentCache full:https://registry.npmjs.org/path-key cache-miss
1174 silly fetch manifest unicorn-magic@^0.3.0
1175 silly packumentCache full:https://registry.npmjs.org/unicorn-magic cache-miss
1176 silly fetch manifest parse-ms@^4.0.0
1177 silly packumentCache full:https://registry.npmjs.org/parse-ms cache-miss
1178 http cache https://registry.npmjs.org/path-key 60ms (cache hit)
1179 silly packumentCache full:https://registry.npmjs.org/path-key set size:16975 disposed:false
1180 http fetch GET 200 https://registry.npmjs.org/@sec-ant%2freadable-stream 163ms (cache miss)
1181 silly packumentCache full:https://registry.npmjs.org/@sec-ant%2freadable-stream set size:undefined disposed:false
1182 http fetch GET 200 https://registry.npmjs.org/unicorn-magic 309ms (cache miss)
1183 silly packumentCache full:https://registry.npmjs.org/unicorn-magic set size:undefined disposed:false
1184 http fetch GET 200 https://registry.npmjs.org/parse-ms 331ms (cache miss)
1185 silly packumentCache full:https://registry.npmjs.org/parse-ms set size:undefined disposed:false
1186 silly placeDep ROOT accepts@2.0.0 OK for: express@5.2.1 want: ^2.0.0
1187 silly placeDep ROOT body-parser@2.2.2 OK for: express@5.2.1 want: ^2.2.1
1188 silly placeDep ROOT content-disposition@1.1.0 OK for: express@5.2.1 want: ^1.0.0
1189 silly placeDep ROOT cookie@0.7.2 OK for: express@5.2.1 want: ^0.7.1
1190 silly placeDep ROOT cookie-signature@1.2.2 OK for: express@5.2.1 want: ^1.2.1
1191 silly placeDep ROOT depd@2.0.0 OK for: express@5.2.1 want: ^2.0.0
1192 silly placeDep ROOT encodeurl@2.0.0 OK for: express@5.2.1 want: ^2.0.0
1193 silly placeDep ROOT escape-html@1.0.3 OK for: express@5.2.1 want: ^1.0.3
1194 silly placeDep ROOT etag@1.8.1 OK for: express@5.2.1 want: ^1.8.1
1195 silly placeDep ROOT finalhandler@2.1.1 OK for: express@5.2.1 want: ^2.1.0
1196 silly placeDep ROOT fresh@2.0.0 OK for: express@5.2.1 want: ^2.0.0
1197 silly placeDep ROOT http-errors@2.0.1 OK for: express@5.2.1 want: ^2.0.0
1198 silly placeDep ROOT merge-descriptors@2.0.0 OK for: express@5.2.1 want: ^2.0.0
1199 silly placeDep ROOT mime-types@3.0.2 OK for: express@5.2.1 want: ^3.0.0
1200 silly placeDep ROOT on-finished@2.4.1 OK for: express@5.2.1 want: ^2.4.1
1201 silly placeDep ROOT once@1.4.0 OK for: express@5.2.1 want: ^1.4.0
1202 silly placeDep ROOT parseurl@1.3.3 OK for: express@5.2.1 want: ^1.3.3
1203 silly placeDep ROOT proxy-addr@2.0.7 OK for: express@5.2.1 want: ^2.0.7
1204 silly placeDep ROOT qs@6.15.2 OK for: express@5.2.1 want: ^6.14.0
1205 silly placeDep ROOT range-parser@1.2.1 OK for: express@5.2.1 want: ^1.2.1
1206 silly placeDep ROOT router@2.2.0 OK for: express@5.2.1 want: ^2.2.0
1207 silly placeDep ROOT send@1.2.1 OK for: express@5.2.1 want: ^1.1.0
1208 silly placeDep ROOT serve-static@2.2.1 OK for: express@5.2.1 want: ^2.2.0
1209 silly placeDep ROOT statuses@2.0.2 OK for: express@5.2.1 want: ^2.0.1
1210 silly placeDep ROOT type-is@2.1.0 OK for: express@5.2.1 want: ^2.0.1
1211 silly fetch manifest negotiator@^1.0.0
1212 silly packumentCache full:https://registry.npmjs.org/negotiator cache-miss
1213 silly fetch manifest qs@^6.14.1
1214 silly packumentCache full:https://registry.npmjs.org/qs cache-miss
1215 silly fetch manifest bytes@^3.1.2
1216 silly packumentCache full:https://registry.npmjs.org/bytes cache-miss
1217 silly fetch manifest iconv-lite@^0.7.0
1218 silly packumentCache full:https://registry.npmjs.org/iconv-lite cache-miss
1219 silly fetch manifest inherits@~2.0.4
1220 silly packumentCache full:https://registry.npmjs.org/inherits cache-miss
1221 silly fetch manifest setprototypeof@~1.2.0
1222 silly packumentCache full:https://registry.npmjs.org/setprototypeof cache-miss
1223 silly fetch manifest statuses@~2.0.2
1224 silly packumentCache full:https://registry.npmjs.org/statuses cache-miss
1225 silly fetch manifest toidentifier@~1.0.1
1226 silly packumentCache full:https://registry.npmjs.org/toidentifier cache-miss
1227 silly fetch manifest mime-db@^1.54.0
1228 silly packumentCache full:https://registry.npmjs.org/mime-db cache-miss
1229 silly fetch manifest ee-first@1.1.1
1230 silly packumentCache full:https://registry.npmjs.org/ee-first cache-miss
1231 silly fetch manifest wrappy@1
1232 silly packumentCache full:https://registry.npmjs.org/wrappy cache-miss
1233 silly fetch manifest forwarded@0.2.0
1234 silly packumentCache full:https://registry.npmjs.org/forwarded cache-miss
1235 silly fetch manifest ipaddr.js@1.9.1
1236 silly packumentCache full:https://registry.npmjs.org/ipaddr.js cache-miss
1237 silly fetch manifest side-channel@^1.1.0
1238 silly packumentCache full:https://registry.npmjs.org/side-channel cache-miss
1239 silly fetch manifest is-promise@^4.0.0
1240 silly packumentCache full:https://registry.npmjs.org/is-promise cache-miss
1241 http cache https://registry.npmjs.org/iconv-lite 344ms (cache hit)
1242 silly packumentCache full:https://registry.npmjs.org/iconv-lite set size:120557 disposed:false
1243 silly fetch manifest path-to-regexp@^8.0.0
1244 silly packumentCache full:https://registry.npmjs.org/path-to-regexp cache-miss
1245 http cache https://registry.npmjs.org/bytes 384ms (cache hit)
1246 silly packumentCache full:https://registry.npmjs.org/bytes set size:37018 disposed:false
1247 silly fetch manifest statuses@^2.0.2
1248 silly packumentCache full:https://registry.npmjs.org/statuses cache-miss
1249 http cache https://registry.npmjs.org/qs 423ms (cache hit)
1250 silly packumentCache full:https://registry.npmjs.org/qs set size:356906 disposed:false
1251 silly fetch manifest content-type@^2.0.0
1252 silly packumentCache full:https://registry.npmjs.org/content-type cache-miss
1253 http cache https://registry.npmjs.org/statuses 547ms (cache hit)
1254 silly packumentCache full:https://registry.npmjs.org/statuses set size:37117 disposed:false
1255 silly fetch manifest media-typer@^1.1.0
1256 silly packumentCache full:https://registry.npmjs.org/media-typer cache-miss
1257 http fetch GET 200 https://registry.npmjs.org/toidentifier 584ms (cache miss)
1258 silly packumentCache full:https://registry.npmjs.org/toidentifier set size:undefined disposed:false
1259 http fetch GET 200 https://registry.npmjs.org/wrappy 582ms (cache miss)
1260 silly packumentCache full:https://registry.npmjs.org/wrappy set size:undefined disposed:false
1261 http fetch GET 200 https://registry.npmjs.org/setprototypeof 687ms (cache miss)
1262 silly packumentCache full:https://registry.npmjs.org/setprototypeof set size:undefined disposed:false
1263 http fetch GET 200 https://registry.npmjs.org/inherits 696ms (cache miss)
1264 silly packumentCache full:https://registry.npmjs.org/inherits set size:undefined disposed:false
1265 http fetch GET 200 https://registry.npmjs.org/forwarded 846ms (cache miss)
1266 silly packumentCache full:https://registry.npmjs.org/forwarded set size:undefined disposed:false
1267 http fetch GET 200 https://registry.npmjs.org/ee-first 850ms (cache miss)
1268 silly packumentCache full:https://registry.npmjs.org/ee-first set size:undefined disposed:false
1269 http fetch GET 200 https://registry.npmjs.org/is-promise 980ms (cache miss)
1270 silly packumentCache full:https://registry.npmjs.org/is-promise set size:undefined disposed:false
1271 http fetch GET 200 https://registry.npmjs.org/side-channel 991ms (cache miss)
1272 silly packumentCache full:https://registry.npmjs.org/side-channel set size:undefined disposed:false
1273 http fetch GET 200 https://registry.npmjs.org/negotiator 1057ms (cache miss)
1274 silly packumentCache full:https://registry.npmjs.org/negotiator set size:undefined disposed:false
1275 http cache https://registry.npmjs.org/content-type 615ms (cache hit)
1276 silly packumentCache full:https://registry.npmjs.org/content-type set size:18994 disposed:false
1277 http cache https://registry.npmjs.org/statuses 651ms (cache hit)
1278 silly packumentCache full:https://registry.npmjs.org/statuses set size:37117 disposed:false
1279 silly packumentCache full:https://registry.npmjs.org/statuses dispose
1280 http fetch GET 200 https://registry.npmjs.org/ipaddr.js 1022ms (cache miss)
1281 silly packumentCache full:https://registry.npmjs.org/ipaddr.js set size:undefined disposed:false
1282 http fetch GET 200 https://registry.npmjs.org/mime-db 1129ms (cache miss)
1283 silly packumentCache full:https://registry.npmjs.org/mime-db set size:undefined disposed:false
1284 http fetch GET 200 https://registry.npmjs.org/media-typer 624ms (cache miss)
1285 silly packumentCache full:https://registry.npmjs.org/media-typer set size:undefined disposed:false
1286 http fetch GET 200 https://registry.npmjs.org/path-to-regexp 940ms (cache miss)
1287 silly packumentCache full:https://registry.npmjs.org/path-to-regexp set size:undefined disposed:false
1288 silly placeDep ROOT negotiator@1.0.0 OK for: accepts@2.0.0 want: ^1.0.0
1289 silly placeDep ROOT bytes@3.1.2 OK for: body-parser@2.2.2 want: ^3.1.2
1290 silly placeDep ROOT iconv-lite@0.7.2 OK for: body-parser@2.2.2 want: ^0.7.0
1291 silly fetch manifest safer-buffer@>= 2.1.2 < 3.0.0
1292 silly packumentCache full:https://registry.npmjs.org/safer-buffer cache-miss
1293 http fetch GET 200 https://registry.npmjs.org/safer-buffer 406ms (cache miss)
1294 silly packumentCache full:https://registry.npmjs.org/safer-buffer set size:undefined disposed:false
1295 silly placeDep ROOT ip-address@10.2.0 OK for: express-rate-limit@8.5.2 want: ^10.2.0
1296 silly placeDep ROOT @nodelib/fs.stat@2.0.5 OK for: fast-glob@3.3.3 want: ^2.0.2
1297 silly placeDep ROOT @nodelib/fs.walk@1.2.8 OK for: fast-glob@3.3.3 want: ^1.2.3
1298 silly placeDep ROOT glob-parent@5.1.2 OK for: fast-glob@3.3.3 want: ^5.1.2
1299 silly placeDep ROOT merge2@1.4.1 OK for: fast-glob@3.3.3 want: ^1.3.0
1300 silly placeDep ROOT micromatch@4.0.8 OK for: fast-glob@3.3.3 want: ^4.0.8
1301 silly fetch manifest fastq@^1.6.0
1302 silly packumentCache full:https://registry.npmjs.org/fastq cache-miss
1303 silly fetch manifest @nodelib/fs.scandir@2.1.5
1304 silly packumentCache full:https://registry.npmjs.org/@nodelib%2ffs.scandir cache-miss
1305 silly fetch manifest is-glob@^4.0.1
1306 silly packumentCache full:https://registry.npmjs.org/is-glob cache-miss
1307 silly fetch manifest braces@^3.0.3
1308 silly packumentCache full:https://registry.npmjs.org/braces cache-miss
1309 silly fetch manifest picomatch@^2.3.1
1310 silly packumentCache full:https://registry.npmjs.org/picomatch cache-miss
1311 http cache https://registry.npmjs.org/picomatch 84ms (cache hit)
1312 silly packumentCache full:https://registry.npmjs.org/picomatch set size:126376 disposed:false
1313 http fetch GET 200 https://registry.npmjs.org/fastq 164ms (cache miss)
1314 silly packumentCache full:https://registry.npmjs.org/fastq set size:undefined disposed:false
1315 http fetch GET 200 https://registry.npmjs.org/is-glob 167ms (cache miss)
1316 silly packumentCache full:https://registry.npmjs.org/is-glob set size:undefined disposed:false
1317 http fetch GET 200 https://registry.npmjs.org/braces 332ms (cache miss)
1318 silly packumentCache full:https://registry.npmjs.org/braces set size:undefined disposed:false
1319 http fetch GET 200 https://registry.npmjs.org/@nodelib%2ffs.scandir 394ms (cache miss)
1320 silly packumentCache full:https://registry.npmjs.org/@nodelib%2ffs.scandir set size:undefined disposed:false
1321 silly placeDep ROOT @nodelib/fs.scandir@2.1.5 OK for: @nodelib/fs.walk@1.2.8 want: 2.1.5
1322 silly placeDep ROOT fastq@1.20.1 OK for: @nodelib/fs.walk@1.2.8 want: ^1.6.0
1323 silly fetch manifest run-parallel@^1.1.9
1324 silly packumentCache full:https://registry.npmjs.org/run-parallel cache-miss
1325 silly fetch manifest reusify@^1.0.4
1326 silly packumentCache full:https://registry.npmjs.org/reusify cache-miss
1327 http fetch GET 200 https://registry.npmjs.org/reusify 168ms (cache miss)
1328 silly packumentCache full:https://registry.npmjs.org/reusify set size:undefined disposed:false
1329 http fetch GET 200 https://registry.npmjs.org/run-parallel 235ms (cache miss)
1330 silly packumentCache full:https://registry.npmjs.org/run-parallel set size:undefined disposed:false
1331 silly placeDep ROOT run-parallel@1.2.0 OK for: @nodelib/fs.scandir@2.1.5 want: ^1.1.9
1332 silly fetch manifest queue-microtask@^1.2.2
1333 silly packumentCache full:https://registry.npmjs.org/queue-microtask cache-miss
1334 http fetch GET 200 https://registry.npmjs.org/queue-microtask 131ms (cache miss)
1335 silly packumentCache full:https://registry.npmjs.org/queue-microtask set size:undefined disposed:false
1336 silly placeDep ROOT reusify@1.1.0 OK for: fastq@1.20.1 want: ^1.0.4
1337 silly placeDep ROOT is-unicode-supported@2.1.0 OK for: figures@6.1.0 want: ^2.0.0
1338 silly placeDep ROOT graceful-fs@4.2.11 OK for: fs-extra@11.3.5 want: ^4.2.0
1339 silly placeDep ROOT jsonfile@6.2.1 OK for: fs-extra@11.3.5 want: ^6.0.1
1340 silly placeDep ROOT universalify@2.0.1 OK for: fs-extra@11.3.5 want: ^2.0.0
1341 silly placeDep ROOT @sec-ant/readable-stream@0.4.1 OK for: get-stream@9.0.1 want: ^0.4.1
1342 silly placeDep ROOT is-glob@4.0.3 OK for: glob-parent@5.1.2 want: ^4.0.1
1343 silly fetch manifest is-extglob@^2.1.1
1344 silly packumentCache full:https://registry.npmjs.org/is-extglob cache-miss
1345 http fetch GET 200 https://registry.npmjs.org/is-extglob 127ms (cache miss)
1346 silly packumentCache full:https://registry.npmjs.org/is-extglob set size:undefined disposed:false
1347 silly placeDep ROOT inherits@2.0.4 OK for: http-errors@2.0.1 want: ~2.0.4
1348 silly placeDep ROOT setprototypeof@1.2.0 OK for: http-errors@2.0.1 want: ~1.2.0
1349 silly placeDep ROOT toidentifier@1.0.1 OK for: http-errors@2.0.1 want: ~1.0.1
1350 silly placeDep ROOT agent-base@7.1.4 OK for: https-proxy-agent@7.0.6 want: ^7.1.2
1351 silly placeDep ROOT safer-buffer@2.1.2 OK for: iconv-lite@0.7.2 want: >= 2.1.2 < 3.0.0
1352 silly placeDep ROOT parent-module@1.0.1 OK for: import-fresh@3.3.1 want: ^1.0.0
1353 silly placeDep ROOT resolve-from@4.0.0 OK for: import-fresh@3.3.1 want: ^4.0.0
1354 silly fetch manifest callsites@^3.0.0
1355 silly packumentCache full:https://registry.npmjs.org/callsites cache-miss
1356 http fetch GET 200 https://registry.npmjs.org/callsites 75ms (cache miss)
1357 silly packumentCache full:https://registry.npmjs.org/callsites set size:undefined disposed:false
1358 silly placeDep ROOT is-extglob@2.1.1 OK for: is-glob@4.0.3 want: ^2.1.1
1359 silly placeDep ROOT argparse@2.0.1 OK for: js-yaml@4.2.0 want: ^2.0.1
1360 silly placeDep ROOT yallist@3.1.1 OK for: lru-cache@5.1.1 want: ^3.0.2
1361 silly placeDep ROOT braces@3.0.3 OK for: micromatch@4.0.8 want: ^3.0.3
1362 silly placeDep node_modules/micromatch picomatch@2.3.2 OK for: micromatch@4.0.8 want: ^2.3.1
1363 silly fetch manifest fill-range@^7.1.1
1364 silly packumentCache full:https://registry.npmjs.org/fill-range cache-miss
1365 http fetch GET 200 https://registry.npmjs.org/fill-range 96ms (cache miss)
1366 silly packumentCache full:https://registry.npmjs.org/fill-range set size:undefined disposed:false
1367 silly placeDep ROOT fill-range@7.1.1 OK for: braces@3.0.3 want: ^7.1.1
1368 silly fetch manifest to-regex-range@^5.0.1
1369 silly packumentCache full:https://registry.npmjs.org/to-regex-range cache-miss
1370 http fetch GET 200 https://registry.npmjs.org/to-regex-range 268ms (cache miss)
1371 silly packumentCache full:https://registry.npmjs.org/to-regex-range set size:undefined disposed:false
1372 silly placeDep ROOT to-regex-range@5.0.1 OK for: fill-range@7.1.1 want: ^5.0.1
1373 silly fetch manifest is-number@^7.0.0
1374 silly packumentCache full:https://registry.npmjs.org/is-number cache-miss
1375 http fetch GET 200 https://registry.npmjs.org/is-number 83ms (cache miss)
1376 silly packumentCache full:https://registry.npmjs.org/is-number set size:undefined disposed:false
1377 silly placeDep ROOT mime-db@1.54.0 OK for: mime-types@3.0.2 want: ^1.54.0
1378 silly placeDep ROOT data-uri-to-buffer@4.0.1 OK for: node-fetch@3.3.2 want: ^4.0.0
1379 silly placeDep ROOT fetch-blob@3.2.0 OK for: node-fetch@3.3.2 want: ^3.1.4
1380 silly placeDep ROOT formdata-polyfill@4.0.10 OK for: node-fetch@3.3.2 want: ^4.0.10
1381 silly fetch manifest node-domexception@^1.0.0
1382 silly packumentCache full:https://registry.npmjs.org/node-domexception cache-miss
1383 silly fetch manifest web-streams-polyfill@^3.0.3
1384 silly packumentCache full:https://registry.npmjs.org/web-streams-polyfill cache-miss
1385 http fetch GET 200 https://registry.npmjs.org/node-domexception 128ms (cache miss)
1386 silly packumentCache full:https://registry.npmjs.org/node-domexception set size:undefined disposed:false
1387 http fetch GET 200 https://registry.npmjs.org/web-streams-polyfill 348ms (cache miss)
1388 silly packumentCache full:https://registry.npmjs.org/web-streams-polyfill set size:undefined disposed:false
1389 silly placeDep ROOT node-domexception@1.0.0 OK for: fetch-blob@3.2.0 want: ^1.0.0
1390 silly placeDep ROOT web-streams-polyfill@3.3.3 OK for: fetch-blob@3.2.0 want: ^3.0.3
1391 silly placeDep node_modules/npm-run-path path-key@4.0.0 OK for: npm-run-path@6.0.0 want: ^4.0.0
1392 silly placeDep ROOT unicorn-magic@0.3.0 OK for: npm-run-path@6.0.0 want: ^0.3.0
1393 silly placeDep ROOT ee-first@1.1.1 OK for: on-finished@2.4.1 want: 1.1.1
1394 silly placeDep ROOT wrappy@1.0.2 OK for: once@1.4.0 want: 1
1395 silly placeDep ROOT default-browser@5.5.0 OK for: open@11.0.0 want: ^5.4.0
1396 silly placeDep ROOT define-lazy-prop@3.0.0 OK for: open@11.0.0 want: ^3.0.0
1397 silly placeDep ROOT is-in-ssh@1.0.0 OK for: open@11.0.0 want: ^1.0.0
1398 silly placeDep ROOT is-inside-container@1.0.0 OK for: open@11.0.0 want: ^1.0.0
1399 silly placeDep ROOT powershell-utils@0.1.0 OK for: open@11.0.0 want: ^0.1.0
1400 silly placeDep ROOT wsl-utils@0.3.1 OK for: open@11.0.0 want: ^0.3.0
1401 silly fetch manifest bundle-name@^4.1.0
1402 silly packumentCache full:https://registry.npmjs.org/bundle-name cache-miss
1403 silly fetch manifest default-browser-id@^5.0.0
1404 silly packumentCache full:https://registry.npmjs.org/default-browser-id cache-miss
1405 silly fetch manifest is-docker@^3.0.0
1406 silly packumentCache full:https://registry.npmjs.org/is-docker cache-miss
1407 silly fetch manifest is-wsl@^3.1.0
1408 silly packumentCache full:https://registry.npmjs.org/is-wsl cache-miss
1409 http fetch GET 200 https://registry.npmjs.org/is-wsl 112ms (cache miss)
1410 silly packumentCache full:https://registry.npmjs.org/is-wsl set size:undefined disposed:false
1411 http fetch GET 200 https://registry.npmjs.org/bundle-name 122ms (cache miss)
1412 silly packumentCache full:https://registry.npmjs.org/bundle-name set size:undefined disposed:false
1413 http fetch GET 200 https://registry.npmjs.org/is-docker 121ms (cache miss)
1414 silly packumentCache full:https://registry.npmjs.org/is-docker set size:undefined disposed:false
1415 http fetch GET 200 https://registry.npmjs.org/default-browser-id 132ms (cache miss)
1416 silly packumentCache full:https://registry.npmjs.org/default-browser-id set size:undefined disposed:false
1417 silly placeDep ROOT bundle-name@4.1.0 OK for: default-browser@5.5.0 want: ^4.1.0
1418 silly placeDep ROOT default-browser-id@5.0.1 OK for: default-browser@5.5.0 want: ^5.0.0
1419 silly fetch manifest run-applescript@^7.0.0
1420 silly packumentCache full:https://registry.npmjs.org/run-applescript cache-miss
1421 http fetch GET 200 https://registry.npmjs.org/run-applescript 101ms (cache miss)
1422 silly packumentCache full:https://registry.npmjs.org/run-applescript set size:undefined disposed:false
1423 silly placeDep ROOT run-applescript@7.1.0 OK for: bundle-name@4.1.0 want: ^7.0.0
1424 silly placeDep ROOT is-docker@3.0.0 OK for: is-inside-container@1.0.0 want: ^3.0.0
1425 silly placeDep ROOT chalk@5.6.2 OK for: ora@8.2.0 want: ^5.3.0
1426 silly placeDep ROOT cli-cursor@5.0.0 OK for: ora@8.2.0 want: ^5.0.0
1427 silly placeDep ROOT cli-spinners@2.9.2 OK for: ora@8.2.0 want: ^2.9.2
1428 silly placeDep ROOT is-interactive@2.0.0 OK for: ora@8.2.0 want: ^2.0.0
1429 silly placeDep ROOT log-symbols@6.0.0 OK for: ora@8.2.0 want: ^6.0.0
1430 silly placeDep ROOT stdin-discarder@0.2.2 OK for: ora@8.2.0 want: ^0.2.2
1431 silly placeDep ROOT string-width@7.2.0 OK for: ora@8.2.0 want: ^7.2.0
1432 silly placeDep node_modules/ora strip-ansi@7.2.0 OK for: ora@8.2.0 want: ^7.1.0
1433 silly fetch manifest restore-cursor@^5.0.0
1434 silly packumentCache full:https://registry.npmjs.org/restore-cursor cache-miss
1435 silly fetch manifest is-unicode-supported@^1.3.0
1436 silly packumentCache full:https://registry.npmjs.org/is-unicode-supported cache-miss
1437 silly fetch manifest emoji-regex@^10.3.0
1438 silly packumentCache full:https://registry.npmjs.org/emoji-regex cache-miss
1439 silly fetch manifest get-east-asian-width@^1.0.0
1440 silly packumentCache full:https://registry.npmjs.org/get-east-asian-width cache-miss
1441 silly fetch manifest ansi-regex@^6.2.2
1442 silly packumentCache full:https://registry.npmjs.org/ansi-regex cache-miss
1443 http cache https://registry.npmjs.org/is-unicode-supported 169ms (cache hit)
1444 silly packumentCache full:https://registry.npmjs.org/is-unicode-supported set size:19461 disposed:false
1445 http cache https://registry.npmjs.org/ansi-regex 151ms (cache hit)
1446 silly packumentCache full:https://registry.npmjs.org/ansi-regex set size:43572 disposed:false
1447 http fetch GET 200 https://registry.npmjs.org/restore-cursor 303ms (cache miss)
1448 silly packumentCache full:https://registry.npmjs.org/restore-cursor set size:undefined disposed:false
1449 http fetch GET 200 https://registry.npmjs.org/get-east-asian-width 289ms (cache miss)
1450 silly packumentCache full:https://registry.npmjs.org/get-east-asian-width set size:undefined disposed:false
1451 http fetch GET 200 https://registry.npmjs.org/emoji-regex 344ms (cache miss)
1452 silly packumentCache full:https://registry.npmjs.org/emoji-regex set size:undefined disposed:false
1453 silly placeDep ROOT restore-cursor@5.1.0 OK for: cli-cursor@5.0.0 want: ^5.0.0
1454 silly fetch manifest onetime@^7.0.0
1455 silly packumentCache full:https://registry.npmjs.org/onetime cache-miss
1456 http cache https://registry.npmjs.org/onetime 70ms (cache hit)
1457 silly packumentCache full:https://registry.npmjs.org/onetime set size:32314 disposed:false
1458 silly placeDep node_modules/log-symbols is-unicode-supported@1.3.0 OK for: log-symbols@6.0.0 want: ^1.3.0
1459 silly placeDep ROOT callsites@3.1.0 OK for: parent-module@1.0.1 want: ^3.0.0
1460 silly placeDep ROOT error-ex@1.3.4 OK for: parse-json@5.2.0 want: ^1.3.1
1461 silly placeDep ROOT json-parse-even-better-errors@2.3.1 OK for: parse-json@5.2.0 want: ^2.3.0
1462 silly placeDep ROOT lines-and-columns@1.2.4 OK for: parse-json@5.2.0 want: ^1.1.6
1463 silly fetch manifest is-arrayish@^0.2.1
1464 silly packumentCache full:https://registry.npmjs.org/is-arrayish cache-miss
1465 http fetch GET 200 https://registry.npmjs.org/is-arrayish 111ms (cache miss)
1466 silly packumentCache full:https://registry.npmjs.org/is-arrayish set size:undefined disposed:false
1467 silly placeDep ROOT is-arrayish@0.2.1 OK for: error-ex@1.3.4 want: ^0.2.1
1468 silly placeDep ROOT nanoid@3.3.12 OK for: postcss@8.5.15 want: ^3.3.12
1469 silly placeDep ROOT source-map-js@1.2.1 OK for: postcss@8.5.15 want: ^1.2.1
1470 silly placeDep ROOT cssesc@3.0.0 OK for: postcss-selector-parser@7.1.4 want: ^3.0.0
1471 silly placeDep ROOT util-deprecate@1.0.2 OK for: postcss-selector-parser@7.1.4 want: ^1.0.2
1472 silly placeDep ROOT parse-ms@4.0.0 OK for: pretty-ms@9.3.0 want: ^4.0.0
1473 silly placeDep node_modules/prompts kleur@3.0.3 OK for: prompts@2.4.2 want: ^3.0.3
1474 silly placeDep ROOT sisteransi@1.0.5 OK for: prompts@2.4.2 want: ^1.0.5
1475 silly placeDep ROOT forwarded@0.2.0 OK for: proxy-addr@2.0.7 want: 0.2.0
1476 silly placeDep ROOT ipaddr.js@1.9.1 OK for: proxy-addr@2.0.7 want: 1.9.1
1477 silly placeDep ROOT side-channel@1.1.1 OK for: qs@6.15.2 want: ^1.1.0
1478 silly fetch manifest es-errors@^1.3.0
1479 silly packumentCache full:https://registry.npmjs.org/es-errors cache-miss
1480 silly fetch manifest object-inspect@^1.13.4
1481 silly packumentCache full:https://registry.npmjs.org/object-inspect cache-miss
1482 silly fetch manifest side-channel-list@^1.0.1
1483 silly packumentCache full:https://registry.npmjs.org/side-channel-list cache-miss
1484 silly fetch manifest side-channel-map@^1.0.1
1485 silly packumentCache full:https://registry.npmjs.org/side-channel-map cache-miss
1486 silly fetch manifest side-channel-weakmap@^1.0.2
1487 silly packumentCache full:https://registry.npmjs.org/side-channel-weakmap cache-miss
1488 http fetch GET 200 https://registry.npmjs.org/es-errors 113ms (cache miss)
1489 silly packumentCache full:https://registry.npmjs.org/es-errors set size:undefined disposed:false
1490 http fetch GET 200 https://registry.npmjs.org/side-channel-weakmap 217ms (cache miss)
1491 silly packumentCache full:https://registry.npmjs.org/side-channel-weakmap set size:undefined disposed:false
1492 http fetch GET 200 https://registry.npmjs.org/side-channel-list 331ms (cache miss)
1493 silly packumentCache full:https://registry.npmjs.org/side-channel-list set size:undefined disposed:false
1494 http fetch GET 200 https://registry.npmjs.org/object-inspect 341ms (cache miss)
1495 silly packumentCache full:https://registry.npmjs.org/object-inspect set size:undefined disposed:false
1496 http fetch GET 200 https://registry.npmjs.org/side-channel-map 450ms (cache miss)
1497 silly packumentCache full:https://registry.npmjs.org/side-channel-map set size:undefined disposed:false
1498 silly placeDep ROOT unpipe@1.0.0 OK for: raw-body@3.0.2 want: ~1.0.0
1499 silly placeDep ROOT ast-types@0.16.1 OK for: recast@0.23.11 want: ^0.16.1
1500 silly placeDep ROOT esprima@4.0.1 OK for: recast@0.23.11 want: ~4.0.0
1501 silly placeDep ROOT source-map@0.6.1 OK for: recast@0.23.11 want: ~0.6.1
1502 silly placeDep ROOT tiny-invariant@1.3.3 OK for: recast@0.23.11 want: ^1.3.3
1503 silly placeDep ROOT tslib@2.8.1 OK for: recast@0.23.11 want: ^2.0.1
1504 silly placeDep ROOT onetime@7.0.0 OK for: restore-cursor@5.1.0 want: ^7.0.0
1505 silly fetch manifest mimic-function@^5.0.0
1506 silly packumentCache full:https://registry.npmjs.org/mimic-function cache-miss
1507 http fetch GET 200 https://registry.npmjs.org/mimic-function 280ms (cache miss)
1508 silly packumentCache full:https://registry.npmjs.org/mimic-function set size:undefined disposed:false
1509 silly placeDep ROOT mimic-function@5.0.1 OK for: onetime@7.0.0 want: ^5.0.0
1510 silly placeDep ROOT is-promise@4.0.0 OK for: router@2.2.0 want: ^4.0.0
1511 silly placeDep ROOT path-to-regexp@8.4.2 OK for: router@2.2.0 want: ^8.0.0
1512 silly placeDep ROOT queue-microtask@1.2.3 OK for: run-parallel@1.2.0 want: ^1.2.2
1513 silly placeDep ROOT shebang-regex@3.0.0 OK for: shebang-command@2.0.0 want: ^3.0.0
1514 silly placeDep ROOT es-errors@1.3.0 OK for: side-channel@1.1.1 want: ^1.3.0
1515 silly placeDep ROOT object-inspect@1.13.4 OK for: side-channel@1.1.1 want: ^1.13.4
1516 silly placeDep ROOT side-channel-list@1.0.1 OK for: side-channel@1.1.1 want: ^1.0.1
1517 silly placeDep ROOT side-channel-map@1.0.1 OK for: side-channel@1.1.1 want: ^1.0.1
1518 silly placeDep ROOT side-channel-weakmap@1.0.2 OK for: side-channel@1.1.1 want: ^1.0.2
1519 silly fetch manifest call-bound@^1.0.2
1520 silly packumentCache full:https://registry.npmjs.org/call-bound cache-miss
1521 silly fetch manifest get-intrinsic@^1.2.5
1522 silly packumentCache full:https://registry.npmjs.org/get-intrinsic cache-miss
1523 silly fetch manifest call-bound@^1.0.2
1524 silly packumentCache full:https://registry.npmjs.org/call-bound cache-miss
1525 silly fetch manifest get-intrinsic@^1.2.5
1526 silly packumentCache full:https://registry.npmjs.org/get-intrinsic cache-miss
1527 http fetch GET 200 https://registry.npmjs.org/call-bound 365ms (cache miss)
1528 silly packumentCache full:https://registry.npmjs.org/call-bound set size:undefined disposed:false
1529 http fetch GET 200 https://registry.npmjs.org/get-intrinsic 433ms (cache miss)
1530 silly packumentCache full:https://registry.npmjs.org/get-intrinsic set size:undefined disposed:false
1531 http fetch GET 200 https://registry.npmjs.org/call-bound 482ms (cache miss)
1532 silly packumentCache full:https://registry.npmjs.org/call-bound set size:undefined disposed:false
1533 http fetch GET 200 https://registry.npmjs.org/get-intrinsic 495ms (cache miss)
1534 silly packumentCache full:https://registry.npmjs.org/get-intrinsic set size:undefined disposed:false
1535 silly placeDep ROOT call-bound@1.0.4 OK for: side-channel-map@1.0.1 want: ^1.0.2
1536 silly placeDep ROOT get-intrinsic@1.3.0 OK for: side-channel-map@1.0.1 want: ^1.2.5
1537 silly fetch manifest call-bind-apply-helpers@^1.0.2
1538 silly packumentCache full:https://registry.npmjs.org/call-bind-apply-helpers cache-miss
1539 silly fetch manifest get-intrinsic@^1.3.0
1540 silly packumentCache full:https://registry.npmjs.org/get-intrinsic cache-miss
1541 silly fetch manifest gopd@^1.2.0
1542 silly packumentCache full:https://registry.npmjs.org/gopd cache-miss
1543 silly fetch manifest hasown@^2.0.2
1544 silly packumentCache full:https://registry.npmjs.org/hasown cache-miss
1545 silly fetch manifest get-proto@^1.0.1
1546 silly packumentCache full:https://registry.npmjs.org/get-proto cache-miss
1547 silly fetch manifest has-symbols@^1.1.0
1548 silly packumentCache full:https://registry.npmjs.org/has-symbols cache-miss
1549 silly fetch manifest function-bind@^1.1.2
1550 silly packumentCache full:https://registry.npmjs.org/function-bind cache-miss
1551 silly fetch manifest es-object-atoms@^1.1.1
1552 silly packumentCache full:https://registry.npmjs.org/es-object-atoms cache-miss
1553 silly fetch manifest math-intrinsics@^1.1.0
1554 silly packumentCache full:https://registry.npmjs.org/math-intrinsics cache-miss
1555 silly fetch manifest es-define-property@^1.0.1
1556 silly packumentCache full:https://registry.npmjs.org/es-define-property cache-miss
1557 silly fetch manifest call-bind-apply-helpers@^1.0.2
1558 silly packumentCache full:https://registry.npmjs.org/call-bind-apply-helpers cache-miss
1559 http fetch GET 200 https://registry.npmjs.org/gopd 426ms (cache miss)
1560 silly packumentCache full:https://registry.npmjs.org/gopd set size:undefined disposed:false
1561 http cache https://registry.npmjs.org/get-intrinsic 441ms (cache hit)
1562 silly packumentCache full:https://registry.npmjs.org/get-intrinsic set size:60985 disposed:false
1563 http fetch GET 200 https://registry.npmjs.org/function-bind 437ms (cache miss)
1564 silly packumentCache full:https://registry.npmjs.org/function-bind set size:undefined disposed:false
1565 http fetch GET 200 https://registry.npmjs.org/get-proto 461ms (cache miss)
1566 silly packumentCache full:https://registry.npmjs.org/get-proto set size:undefined disposed:false
1567 http fetch GET 200 https://registry.npmjs.org/hasown 505ms (cache miss)
1568 silly packumentCache full:https://registry.npmjs.org/hasown set size:undefined disposed:false
1569 http fetch GET 200 https://registry.npmjs.org/es-object-atoms 554ms (cache miss)
1570 silly packumentCache full:https://registry.npmjs.org/es-object-atoms set size:undefined disposed:false
1571 http fetch GET 200 https://registry.npmjs.org/call-bind-apply-helpers 593ms (cache miss)
1572 silly packumentCache full:https://registry.npmjs.org/call-bind-apply-helpers set size:undefined disposed:false
1573 http fetch GET 200 https://registry.npmjs.org/call-bind-apply-helpers 678ms (cache miss)
1574 silly packumentCache full:https://registry.npmjs.org/call-bind-apply-helpers set size:undefined disposed:false
1575 http fetch GET 200 https://registry.npmjs.org/math-intrinsics 659ms (cache miss)
1576 silly packumentCache full:https://registry.npmjs.org/math-intrinsics set size:undefined disposed:false
1577 http fetch GET 200 https://registry.npmjs.org/has-symbols 695ms (cache miss)
1578 silly packumentCache full:https://registry.npmjs.org/has-symbols set size:undefined disposed:false
1579 http fetch GET 200 https://registry.npmjs.org/es-define-property 695ms (cache miss)
1580 silly packumentCache full:https://registry.npmjs.org/es-define-property set size:undefined disposed:false
1581 silly placeDep ROOT call-bind-apply-helpers@1.0.2 OK for: call-bound@1.0.4 want: ^1.0.2
1582 silly placeDep ROOT function-bind@1.1.2 OK for: call-bind-apply-helpers@1.0.2 want: ^1.1.2
1583 silly placeDep ROOT es-define-property@1.0.1 OK for: get-intrinsic@1.3.0 want: ^1.0.1
1584 silly placeDep ROOT es-object-atoms@1.1.2 OK for: get-intrinsic@1.3.0 want: ^1.1.1
1585 silly placeDep ROOT get-proto@1.0.1 OK for: get-intrinsic@1.3.0 want: ^1.0.1
1586 silly placeDep ROOT gopd@1.2.0 OK for: get-intrinsic@1.3.0 want: ^1.2.0
1587 silly placeDep ROOT has-symbols@1.1.0 OK for: get-intrinsic@1.3.0 want: ^1.1.0
1588 silly placeDep ROOT hasown@2.0.4 OK for: get-intrinsic@1.3.0 want: ^2.0.2
1589 silly placeDep ROOT math-intrinsics@1.1.0 OK for: get-intrinsic@1.3.0 want: ^1.1.0
1590 silly fetch manifest dunder-proto@^1.0.1
1591 silly packumentCache full:https://registry.npmjs.org/dunder-proto cache-miss
1592 http fetch GET 200 https://registry.npmjs.org/dunder-proto 285ms (cache miss)
1593 silly packumentCache full:https://registry.npmjs.org/dunder-proto set size:undefined disposed:false
1594 silly placeDep ROOT dunder-proto@1.0.1 OK for: get-proto@1.0.1 want: ^1.0.1
1595 silly placeDep ROOT emoji-regex@10.6.0 OK for: string-width@7.2.0 want: ^10.3.0
1596 silly placeDep ROOT get-east-asian-width@1.6.0 OK for: string-width@7.2.0 want: ^1.0.0
1597 silly placeDep node_modules/string-width strip-ansi@7.2.0 OK for: string-width@7.2.0 want: ^7.1.0
1598 silly placeDep ROOT get-own-enumerable-keys@1.0.0 OK for: stringify-object@5.0.0 want: ^1.0.0
1599 silly placeDep ROOT is-obj@3.0.0 OK for: stringify-object@5.0.0 want: ^3.0.0
1600 silly placeDep ROOT is-regexp@3.1.0 OK for: stringify-object@5.0.0 want: ^3.1.0
1601 silly placeDep ROOT ansi-regex@5.0.1 OK for: strip-ansi@6.0.1 want: ^5.0.1
1602 silly placeDep ROOT is-number@7.0.0 OK for: to-regex-range@5.0.1 want: ^7.0.0
1603 silly placeDep ROOT @ts-morph/common@0.27.0 OK for: ts-morph@26.0.0 want: ~0.27.0
1604 silly placeDep ROOT code-block-writer@13.0.3 OK for: ts-morph@26.0.0 want: ^13.0.3
1605 silly fetch manifest minimatch@^10.0.1
1606 silly packumentCache full:https://registry.npmjs.org/minimatch cache-miss
1607 silly fetch manifest path-browserify@^1.0.1
1608 silly packumentCache full:https://registry.npmjs.org/path-browserify cache-miss
1609 http fetch GET 200 https://registry.npmjs.org/minimatch 129ms (cache miss)
1610 silly packumentCache full:https://registry.npmjs.org/minimatch set size:undefined disposed:false
1611 http fetch GET 200 https://registry.npmjs.org/path-browserify 355ms (cache miss)
1612 silly packumentCache full:https://registry.npmjs.org/path-browserify set size:undefined disposed:false
1613 silly placeDep ROOT minimatch@10.2.5 OK for: @ts-morph/common@0.27.0 want: ^10.0.1
1614 silly placeDep ROOT path-browserify@1.0.1 OK for: @ts-morph/common@0.27.0 want: ^1.0.1
1615 silly fetch manifest brace-expansion@^5.0.5
1616 silly packumentCache full:https://registry.npmjs.org/brace-expansion cache-miss
1617 http fetch GET 200 https://registry.npmjs.org/brace-expansion 352ms (cache miss)
1618 silly packumentCache full:https://registry.npmjs.org/brace-expansion set size:undefined disposed:false
1619 silly placeDep ROOT brace-expansion@5.0.6 OK for: minimatch@10.2.5 want: ^5.0.5
1620 silly fetch manifest balanced-match@^4.0.2
1621 silly packumentCache full:https://registry.npmjs.org/balanced-match cache-miss
1622 http fetch GET 200 https://registry.npmjs.org/balanced-match 266ms (cache miss)
1623 silly packumentCache full:https://registry.npmjs.org/balanced-match set size:undefined disposed:false
1624 silly placeDep ROOT balanced-match@4.0.4 OK for: brace-expansion@5.0.6 want: ^4.0.2
1625 silly placeDep ROOT minimist@1.2.8 OK for: tsconfig-paths@4.2.0 want: ^1.2.6
1626 silly placeDep ROOT strip-bom@3.0.0 OK for: tsconfig-paths@4.2.0 want: ^3.0.0
1627 silly placeDep node_modules/type-is content-type@2.0.0 OK for: type-is@2.1.0 want: ^2.0.0
1628 silly placeDep ROOT media-typer@1.1.0 OK for: type-is@2.1.0 want: ^1.1.0
1629 silly placeDep ROOT escalade@3.2.0 OK for: update-browserslist-db@1.2.3 want: ^3.2.0
1630 silly placeDep ROOT isexe@3.1.5 OK for: which@4.0.0 want: ^3.1.1
1631 silly placeDep ROOT is-wsl@3.1.1 OK for: wsl-utils@0.3.1 want: ^3.1.0
1632 silly placeDep node_modules/@dotenvx/dotenvx get-stream@6.0.1 OK for: execa@5.1.1 want: ^6.0.0
1633 silly placeDep node_modules/@dotenvx/dotenvx human-signals@2.1.0 OK for: execa@5.1.1 want: ^2.1.0
1634 silly placeDep node_modules/@dotenvx/dotenvx is-stream@2.0.1 OK for: execa@5.1.1 want: ^2.0.0
1635 silly placeDep ROOT merge-stream@2.0.0 OK for: execa@5.1.1 want: ^2.0.0
1636 silly placeDep node_modules/@dotenvx/dotenvx npm-run-path@4.0.1 OK for: execa@5.1.1 want: ^4.0.1
1637 silly placeDep node_modules/@dotenvx/dotenvx onetime@5.1.2 OK for: execa@5.1.1 want: ^5.1.2
1638 silly placeDep node_modules/@dotenvx/dotenvx signal-exit@3.0.7 OK for: execa@5.1.1 want: ^3.0.3
1639 silly placeDep node_modules/@dotenvx/dotenvx strip-final-newline@2.0.0 OK for: execa@5.1.1 want: ^2.0.0
1640 silly fetch manifest mimic-fn@^2.1.0
1641 silly packumentCache full:https://registry.npmjs.org/mimic-fn cache-miss
1642 http fetch GET 200 https://registry.npmjs.org/mimic-fn 142ms (cache miss)
1643 silly packumentCache full:https://registry.npmjs.org/mimic-fn set size:undefined disposed:false
1644 silly placeDep ROOT mimic-fn@2.1.0 OK for: onetime@5.1.2 want: ^2.1.0
1645 silly placeDep node_modules/cross-spawn isexe@2.0.0 OK for: which@2.0.2 want: ^2.0.0
1646 silly placeDep node_modules/ora ansi-regex@6.2.2 OK for: strip-ansi@7.2.0 want: ^6.2.2
1647 silly placeDep node_modules/string-width ansi-regex@6.2.2 OK for: strip-ansi@7.2.0 want: ^6.2.2
1648 silly reify moves {}
1649 silly audit bulk request {
1649 silly audit   shadcn: [ '4.11.0' ],
1649 silly audit   '@babel/core': [ '7.29.7' ],
1649 silly audit   '@babel/parser': [ '7.29.7' ],
1649 silly audit   '@babel/plugin-transform-typescript': [ '7.29.7' ],
1649 silly audit   '@babel/preset-typescript': [ '7.29.7' ],
1649 silly audit   '@dotenvx/dotenvx': [ '1.71.3' ],
1649 silly audit   '@modelcontextprotocol/sdk': [ '1.29.0' ],
1649 silly audit   '@types/validate-npm-package-name': [ '4.0.2' ],
1649 silly audit   browserslist: [ '4.28.2' ],
1649 silly audit   commander: [ '14.0.3', '11.1.0' ],
1649 silly audit   cosmiconfig: [ '9.0.2' ],
1649 silly audit   dedent: [ '1.7.2' ],
1649 silly audit   deepmerge: [ '4.3.1' ],
1649 silly audit   diff: [ '8.0.4' ],
1649 silly audit   execa: [ '9.6.1', '5.1.1' ],
1649 silly audit   'fast-glob': [ '3.3.3' ],
1649 silly audit   'fs-extra': [ '11.3.5' ],
1649 silly audit   fuzzysort: [ '3.1.0' ],
1649 silly audit   'https-proxy-agent': [ '7.0.6' ],
1649 silly audit   kleur: [ '4.1.5', '3.0.3' ],
1649 silly audit   'node-fetch': [ '3.3.2' ],
1649 silly audit   open: [ '11.0.0' ],
1649 silly audit   ora: [ '8.2.0' ],
1649 silly audit   postcss: [ '8.5.15' ],
1649 silly audit   'postcss-selector-parser': [ '7.1.4' ],
1649 silly audit   prompts: [ '2.4.2' ],
1649 silly audit   recast: [ '0.23.11' ],
1649 silly audit   'stringify-object': [ '5.0.0' ],
1649 silly audit   'tailwind-merge': [ '3.6.0' ],
1649 silly audit   'ts-morph': [ '26.0.0' ],
1649 silly audit   'tsconfig-paths': [ '4.2.0' ],
1649 silly audit   'validate-npm-package-name': [ '7.0.2' ],
1649 silly audit   zod: [ '3.25.76' ],
1649 silly audit   'zod-to-json-schema': [ '3.25.2' ],
1649 silly audit   '@babel/code-frame': [ '7.29.7' ],
1649 silly audit   '@babel/generator': [ '7.29.7' ],
1649 silly audit   '@babel/helper-compilation-targets': [ '7.29.7' ],
1649 silly audit   '@babel/helper-module-transforms': [ '7.29.7' ],
1649 silly audit   '@babel/helpers': [ '7.29.7' ],
1649 silly audit   '@babel/template': [ '7.29.7' ],
1649 silly audit   '@babel/traverse': [ '7.29.7' ],
1649 silly audit   '@babel/types': [ '7.29.7' ],
1649 silly audit   '@jridgewell/remapping': [ '2.3.5' ],
1649 silly audit   'convert-source-map': [ '2.0.0' ],
1649 silly audit   debug: [ '4.4.3' ],
1649 silly audit   gensync: [ '1.0.0-beta.2' ],
1649 silly audit   json5: [ '2.2.3' ],
1649 silly audit   semver: [ '6.3.1' ],
1649 silly audit   '@babel/helper-validator-identifier': [ '7.29.7' ],
1649 silly audit   'js-tokens': [ '4.0.0' ],
1649 silly audit   picocolors: [ '1.1.1' ],
1649 silly audit   '@jridgewell/gen-mapping': [ '0.3.13' ],
1649 silly audit   '@jridgewell/trace-mapping': [ '0.3.31' ],
1649 silly audit   jsesc: [ '3.1.0' ],
1649 silly audit   '@babel/compat-data': [ '7.29.7' ],
1649 silly audit   '@babel/helper-validator-option': [ '7.29.7' ],
1649 silly audit   'lru-cache': [ '5.1.1' ],
1649 silly audit   '@babel/helper-module-imports': [ '7.29.7' ],
1649 silly audit   '@babel/helper-annotate-as-pure': [ '7.29.7' ],
1649 silly audit   '@babel/helper-create-class-features-plugin': [ '7.29.7' ],
1649 silly audit   '@babel/helper-plugin-utils': [ '7.29.7' ],
1649 silly audit   '@babel/helper-skip-transparent-expression-wrappers': [ '7.29.7' ],
1649 silly audit   '@babel/plugin-syntax-typescript': [ '7.29.7' ],
1649 silly audit   '@babel/helper-member-expression-to-functions': [ '7.29.7' ],
1649 silly audit   '@babel/helper-optimise-call-expression': [ '7.29.7' ],
1649 silly audit   '@babel/helper-replace-supers': [ '7.29.7' ],
1649 silly audit   '@babel/plugin-syntax-jsx': [ '7.29.7' ],
1649 silly audit   '@babel/plugin-transform-modules-commonjs': [ '7.29.7' ],
1649 silly audit   '@babel/helper-globals': [ '7.29.7' ],
1649 silly audit   '@babel/helper-string-parser': [ '7.29.7' ],
1649 silly audit   dotenv: [ '17.4.2' ],
1649 silly audit   eciesjs: [ '0.4.18' ],
1649 silly audit   enquirer: [ '2.4.1' ],
1649 silly audit   fdir: [ '6.5.0' ],
1649 silly audit   ignore: [ '5.3.2' ],
1649 silly audit   'object-treeify': [ '1.1.33' ],
1649 silly audit   picomatch: [ '4.0.4', '2.3.2' ],
1649 silly audit   which: [ '4.0.0', '2.0.2' ],
1649 silly audit   'yocto-spinner': [ '1.2.0' ],
1649 silly audit   '@jridgewell/sourcemap-codec': [ '1.5.5' ],
1649 silly audit   '@jridgewell/resolve-uri': [ '3.1.2' ],
1649 silly audit   '@hono/node-server': [ '1.19.14' ],
1649 silly audit   hono: [ '4.12.25' ],
1649 silly audit   ajv: [ '8.20.0' ],
1649 silly audit   'ajv-formats': [ '3.0.1' ],
1649 silly audit   'content-type': [ '1.0.5', '2.0.0' ],
1649 silly audit   cors: [ '2.8.6' ],
1649 silly audit   'cross-spawn': [ '7.0.6' ],
1649 silly audit   eventsource: [ '3.0.7' ],
1649 silly audit   'eventsource-parser': [ '3.1.0' ],
1649 silly audit   express: [ '5.2.1' ],
1649 silly audit   'express-rate-limit': [ '8.5.2' ],
1649 silly audit   jose: [ '6.2.3' ],
1649 silly audit   'json-schema-typed': [ '8.0.2' ],
1649 silly audit   'pkce-challenge': [ '5.0.1' ],
1649 silly audit   'raw-body': [ '3.0.2' ],
1649 silly audit   'fast-deep-equal': [ '3.1.3' ],
1649 silly audit   'fast-uri': [ '3.1.2' ],
1649 silly audit   'json-schema-traverse': [ '1.0.0' ],
1649 silly audit   'require-from-string': [ '2.0.2' ],
1649 silly audit   'baseline-browser-mapping': [ '2.10.37' ],
1649 silly audit   'caniuse-lite': [ '1.0.30001799' ],
1649 silly audit   'electron-to-chromium': [ '1.5.372' ],
1649 silly audit   'node-releases': [ '2.0.47' ],
1649 silly audit   'update-browserslist-db': [ '1.2.3' ],
1649 silly audit   'object-assign': [ '4.1.1' ],
1649 silly audit   vary: [ '1.1.2' ],
1649 silly audit   'env-paths': [ '2.2.1' ],
1649 silly audit   'import-fresh': [ '3.3.1' ],
1649 silly audit   'js-yaml': [ '4.2.0' ],
1649 silly audit   'parse-json': [ '5.2.0' ],
1649 silly audit   'path-key': [ '3.1.1', '4.0.0' ],
1649 silly audit   'shebang-command': [ '2.0.0' ],
1649 silly audit   ms: [ '2.1.3' ],
1649 silly audit   '@ecies/ciphers': [ '0.2.6' ],
1649 silly audit   '@noble/ciphers': [ '1.3.0' ],
1649 silly audit   '@noble/curves': [ '1.9.7' ],
1649 silly audit   '@noble/hashes': [ '1.8.0' ],
1649 silly audit   'ansi-colors': [ '4.1.3' ],
1649 silly audit   'strip-ansi': [ '6.0.1', '7.2.0' ],
1649 silly audit   '@sindresorhus/merge-streams': [ '4.0.0' ],
1649 silly audit   figures: [ '6.1.0' ],
1649 silly audit   'get-stream': [ '9.0.1', '6.0.1' ],
1649 silly audit   'human-signals': [ '8.0.1', '2.1.0' ],
1649 silly audit   'is-plain-obj': [ '4.1.0' ],
1649 silly audit   'is-stream': [ '4.0.1', '2.0.1' ],
1649 silly audit   'npm-run-path': [ '6.0.0', '4.0.1' ],
1649 silly audit   'pretty-ms': [ '9.3.0' ],
1649 silly audit   'signal-exit': [ '4.1.0', '3.0.7' ],
1649 silly audit   'strip-final-newline': [ '4.0.0', '2.0.0' ],
1649 silly audit   yoctocolors: [ '2.1.2' ],
1649 silly audit   accepts: [ '2.0.0' ],
1649 silly audit   'body-parser': [ '2.2.2' ],
1649 silly audit   'content-disposition': [ '1.1.0' ],
1649 silly audit   cookie: [ '0.7.2' ],
1649 silly audit   'cookie-signature': [ '1.2.2' ],
1649 silly audit   depd: [ '2.0.0' ],
1649 silly audit   encodeurl: [ '2.0.0' ],
1649 silly audit   'escape-html': [ '1.0.3' ],
1649 silly audit   etag: [ '1.8.1' ],
1649 silly audit   finalhandler: [ '2.1.1' ],
1649 silly audit   fresh: [ '2.0.0' ],
1649 silly audit   'http-errors': [ '2.0.1' ],
1649 silly audit   'merge-descriptors': [ '2.0.0' ],
1649 silly audit   'mime-types': [ '3.0.2' ],
1649 silly audit   'on-finished': [ '2.4.1' ],
1649 silly audit   once: [ '1.4.0' ],
1649 silly audit   parseurl: [ '1.3.3' ],
1649 silly audit   'proxy-addr': [ '2.0.7' ],
1649 silly audit   qs: [ '6.15.2' ],
1649 silly audit   'range-parser': [ '1.2.1' ],
1649 silly audit   router: [ '2.2.0' ],
1649 silly audit   send: [ '1.2.1' ],
1649 silly audit   'serve-static': [ '2.2.1' ],
1649 silly audit   statuses: [ '2.0.2' ],
1649 silly audit   'type-is': [ '2.1.0' ],
1649 silly audit   negotiator: [ '1.0.0' ],
1649 silly audit   bytes: [ '3.1.2' ],
1649 silly audit   'iconv-lite': [ '0.7.2' ],
1649 silly audit   'ip-address': [ '10.2.0' ],
1649 silly audit   '@nodelib/fs.stat': [ '2.0.5' ],
1649 silly audit   '@nodelib/fs.walk': [ '1.2.8' ],
1649 silly audit   'glob-parent': [ '5.1.2' ],
1649 silly audit   merge2: [ '1.4.1' ],
1649 silly audit   micromatch: [ '4.0.8' ],
1649 silly audit   '@nodelib/fs.scandir': [ '2.1.5' ],
1649 silly audit   fastq: [ '1.20.1' ],
1649 silly audit   'run-parallel': [ '1.2.0' ],
1649 silly audit   reusify: [ '1.1.0' ],
1649 silly audit   'is-unicode-supported': [ '2.1.0', '1.3.0' ],
1649 silly audit   'graceful-fs': [ '4.2.11' ],
1649 silly audit   jsonfile: [ '6.2.1' ],
1649 silly audit   universalify: [ '2.0.1' ],
1649 silly audit   '@sec-ant/readable-stream': [ '0.4.1' ],
1649 silly audit   'is-glob': [ '4.0.3' ],
1649 silly audit   inherits: [ '2.0.4' ],
1649 silly audit   setprototypeof: [ '1.2.0' ],
1649 silly audit   toidentifier: [ '1.0.1' ],
1649 silly audit   'agent-base': [ '7.1.4' ],
1649 silly audit   'safer-buffer': [ '2.1.2' ],
1649 silly audit   'parent-module': [ '1.0.1' ],
1649 silly audit   'resolve-from': [ '4.0.0' ],
1649 silly audit   'is-extglob': [ '2.1.1' ],
1649 silly audit   argparse: [ '2.0.1' ],
1649 silly audit   yallist: [ '3.1.1' ],
1649 silly audit   braces: [ '3.0.3' ],
1649 silly audit   'fill-range': [ '7.1.1' ],
1649 silly audit   'to-regex-range': [ '5.0.1' ],
1649 silly audit   'mime-db': [ '1.54.0' ],
1649 silly audit   'data-uri-to-buffer': [ '4.0.1' ],
1649 silly audit   'fetch-blob': [ '3.2.0' ],
1649 silly audit   'formdata-polyfill': [ '4.0.10' ],
1649 silly audit   'node-domexception': [ '1.0.0' ],
1649 silly audit   'web-streams-polyfill': [ '3.3.3' ],
1649 silly audit   'unicorn-magic': [ '0.3.0' ],
1649 silly audit   'ee-first': [ '1.1.1' ],
1649 silly audit   wrappy: [ '1.0.2' ],
1649 silly audit   'default-browser': [ '5.5.0' ],
1649 silly audit   'define-lazy-prop': [ '3.0.0' ],
1649 silly audit   'is-in-ssh': [ '1.0.0' ],
1649 silly audit   'is-inside-container': [ '1.0.0' ],
1649 silly audit   'powershell-utils': [ '0.1.0' ],
1649 silly audit   'wsl-utils': [ '0.3.1' ],
1649 silly audit   'bundle-name': [ '4.1.0' ],
1649 silly audit   'default-browser-id': [ '5.0.1' ],
1649 silly audit   'run-applescript': [ '7.1.0' ],
1649 silly audit   'is-docker': [ '3.0.0' ],
1649 silly audit   chalk: [ '5.6.2' ],
1649 silly audit   'cli-cursor': [ '5.0.0' ],
1649 silly audit   'cli-spinners': [ '2.9.2' ],
1649 silly audit   'is-interactive': [ '2.0.0' ],
1649 silly audit   'log-symbols': [ '6.0.0' ],
1649 silly audit   'stdin-discarder': [ '0.2.2' ],
1649 silly audit   'string-width': [ '7.2.0' ],
1649 silly audit   'restore-cursor': [ '5.1.0' ],
1649 silly audit   callsites: [ '3.1.0' ],
1649 silly audit   'error-ex': [ '1.3.4' ],
1649 silly audit   'json-parse-even-better-errors': [ '2.3.1' ],
1649 silly audit   'lines-and-columns': [ '1.2.4' ],
1649 silly audit   'is-arrayish': [ '0.2.1' ],
1649 silly audit   nanoid: [ '3.3.12' ],
1649 silly audit   'source-map-js': [ '1.2.1' ],
1649 silly audit   cssesc: [ '3.0.0' ],
1649 silly audit   'util-deprecate': [ '1.0.2' ],
1649 silly audit   'parse-ms': [ '4.0.0' ],
1649 silly audit   sisteransi: [ '1.0.5' ],
1649 silly audit   forwarded: [ '0.2.0' ],
1649 silly audit   'ipaddr.js': [ '1.9.1' ],
1649 silly audit   'side-channel': [ '1.1.1' ],
1649 silly audit   unpipe: [ '1.0.0' ],
1649 silly audit   'ast-types': [ '0.16.1' ],
1649 silly audit   esprima: [ '4.0.1' ],
1649 silly audit   'source-map': [ '0.6.1' ],
1649 silly audit   'tiny-invariant': [ '1.3.3' ],
1649 silly audit   tslib: [ '2.8.1' ],
1649 silly audit   onetime: [ '7.0.0', '5.1.2' ],
1649 silly audit   'mimic-function': [ '5.0.1' ],
1649 silly audit   'is-promise': [ '4.0.0' ],
1649 silly audit   'path-to-regexp': [ '8.4.2' ],
1649 silly audit   'queue-microtask': [ '1.2.3' ],
1649 silly audit   'shebang-regex': [ '3.0.0' ],
1649 silly audit   'es-errors': [ '1.3.0' ],
1649 silly audit   'object-inspect': [ '1.13.4' ],
1649 silly audit   'side-channel-list': [ '1.0.1' ],
1649 silly audit   'side-channel-map': [ '1.0.1' ],
1649 silly audit   'side-channel-weakmap': [ '1.0.2' ],
1649 silly audit   'call-bound': [ '1.0.4' ],
1649 silly audit   'get-intrinsic': [ '1.3.0' ],
1649 silly audit   'call-bind-apply-helpers': [ '1.0.2' ],
1649 silly audit   'function-bind': [ '1.1.2' ],
1649 silly audit   'es-define-property': [ '1.0.1' ],
1649 silly audit   'es-object-atoms': [ '1.1.2' ],
1649 silly audit   'get-proto': [ '1.0.1' ],
1649 silly audit   gopd: [ '1.2.0' ],
1649 silly audit   'has-symbols': [ '1.1.0' ],
1649 silly audit   hasown: [ '2.0.4' ],
1649 silly audit   'math-intrinsics': [ '1.1.0' ],
1649 silly audit   'dunder-proto': [ '1.0.1' ],
1649 silly audit   'emoji-regex': [ '10.6.0' ],
1649 silly audit   'get-east-asian-width': [ '1.6.0' ],
1649 silly audit   'get-own-enumerable-keys': [ '1.0.0' ],
1649 silly audit   'is-obj': [ '3.0.0' ],
1649 silly audit   'is-regexp': [ '3.1.0' ],
1649 silly audit   'ansi-regex': [ '5.0.1', '6.2.2' ],
1649 silly audit   'is-number': [ '7.0.0' ],
1649 silly audit   '@ts-morph/common': [ '0.27.0' ],
1649 silly audit   'code-block-writer': [ '13.0.3' ],
1649 silly audit   minimatch: [ '10.2.5' ],
1649 silly audit   'path-browserify': [ '1.0.1' ],
1649 silly audit   'brace-expansion': [ '5.0.6' ],
1649 silly audit   'balanced-match': [ '4.0.4' ],
1649 silly audit   minimist: [ '1.2.8' ],
1649 silly audit   'strip-bom': [ '3.0.0' ],
1649 silly audit   'media-typer': [ '1.1.0' ],
1649 silly audit   escalade: [ '3.2.0' ],
1649 silly audit   isexe: [ '3.1.5', '2.0.0' ],
1649 silly audit   'is-wsl': [ '3.1.1' ],
1649 silly audit   'merge-stream': [ '2.0.0' ],
1649 silly audit   'mimic-fn': [ '2.1.0' ]
1649 silly audit }
1650 http cache mimic-fn@https://registry.npmjs.org/mimic-fn/-/mimic-fn-2.1.0.tgz 0ms (cache hit)
1651 http cache escalade@https://registry.npmjs.org/escalade/-/escalade-3.2.0.tgz 0ms (cache hit)
1652 http cache isexe@https://registry.npmjs.org/isexe/-/isexe-3.1.5.tgz 0ms (cache hit)
1653 http cache media-typer@https://registry.npmjs.org/media-typer/-/media-typer-1.1.0.tgz 0ms (cache hit)
1654 http cache merge-stream@https://registry.npmjs.org/merge-stream/-/merge-stream-2.0.0.tgz 0ms (cache hit)
1655 http cache is-wsl@https://registry.npmjs.org/is-wsl/-/is-wsl-3.1.1.tgz 0ms (cache hit)
1656 http cache strip-bom@https://registry.npmjs.org/strip-bom/-/strip-bom-3.0.0.tgz 0ms (cache hit)
1657 http cache minimist@https://registry.npmjs.org/minimist/-/minimist-1.2.8.tgz 0ms (cache hit)
1658 http cache brace-expansion@https://registry.npmjs.org/brace-expansion/-/brace-expansion-5.0.6.tgz 0ms (cache hit)
1659 http cache balanced-match@https://registry.npmjs.org/balanced-match/-/balanced-match-4.0.4.tgz 0ms (cache hit)
1660 http cache path-browserify@https://registry.npmjs.org/path-browserify/-/path-browserify-1.0.1.tgz 0ms (cache hit)
1661 http cache code-block-writer@https://registry.npmjs.org/code-block-writer/-/code-block-writer-13.0.3.tgz 1ms (cache hit)
1662 http cache @ts-morph/common@https://registry.npmjs.org/@ts-morph/common/-/common-0.27.0.tgz 0ms (cache hit)
1663 http cache minimatch@https://registry.npmjs.org/minimatch/-/minimatch-10.2.5.tgz 0ms (cache hit)
1664 http cache ansi-regex@https://registry.npmjs.org/ansi-regex/-/ansi-regex-5.0.1.tgz 0ms (cache hit)
1665 http cache is-number@https://registry.npmjs.org/is-number/-/is-number-7.0.0.tgz 0ms (cache hit)
1666 http cache is-regexp@https://registry.npmjs.org/is-regexp/-/is-regexp-3.1.0.tgz 0ms (cache hit)
1667 http cache is-obj@https://registry.npmjs.org/is-obj/-/is-obj-3.0.0.tgz 0ms (cache hit)
1668 http cache get-own-enumerable-keys@https://registry.npmjs.org/get-own-enumerable-keys/-/get-own-enumerable-keys-1.0.0.tgz 0ms (cache hit)
1669 http cache get-east-asian-width@https://registry.npmjs.org/get-east-asian-width/-/get-east-asian-width-1.6.0.tgz 0ms (cache hit)
1670 http cache emoji-regex@https://registry.npmjs.org/emoji-regex/-/emoji-regex-10.6.0.tgz 0ms (cache hit)
1671 http cache dunder-proto@https://registry.npmjs.org/dunder-proto/-/dunder-proto-1.0.1.tgz 0ms (cache hit)
1672 http cache hasown@https://registry.npmjs.org/hasown/-/hasown-2.0.4.tgz 0ms (cache hit)
1673 http cache math-intrinsics@https://registry.npmjs.org/math-intrinsics/-/math-intrinsics-1.1.0.tgz 0ms (cache hit)
1674 http cache has-symbols@https://registry.npmjs.org/has-symbols/-/has-symbols-1.1.0.tgz 0ms (cache hit)
1675 http cache gopd@https://registry.npmjs.org/gopd/-/gopd-1.2.0.tgz 0ms (cache hit)
1676 http cache get-proto@https://registry.npmjs.org/get-proto/-/get-proto-1.0.1.tgz 0ms (cache hit)
1677 http cache es-object-atoms@https://registry.npmjs.org/es-object-atoms/-/es-object-atoms-1.1.2.tgz 0ms (cache hit)
1678 http cache function-bind@https://registry.npmjs.org/function-bind/-/function-bind-1.1.2.tgz 0ms (cache hit)
1679 http cache call-bind-apply-helpers@https://registry.npmjs.org/call-bind-apply-helpers/-/call-bind-apply-helpers-1.0.2.tgz 1ms (cache hit)
1680 http cache get-intrinsic@https://registry.npmjs.org/get-intrinsic/-/get-intrinsic-1.3.0.tgz 0ms (cache hit)
1681 http cache side-channel-weakmap@https://registry.npmjs.org/side-channel-weakmap/-/side-channel-weakmap-1.0.2.tgz 0ms (cache hit)
1682 http cache call-bound@https://registry.npmjs.org/call-bound/-/call-bound-1.0.4.tgz 0ms (cache hit)
1683 http cache es-define-property@https://registry.npmjs.org/es-define-property/-/es-define-property-1.0.1.tgz 0ms (cache hit)
1684 http cache side-channel-map@https://registry.npmjs.org/side-channel-map/-/side-channel-map-1.0.1.tgz 0ms (cache hit)
1685 http cache side-channel-list@https://registry.npmjs.org/side-channel-list/-/side-channel-list-1.0.1.tgz 0ms (cache hit)
1686 http cache object-inspect@https://registry.npmjs.org/object-inspect/-/object-inspect-1.13.4.tgz 1ms (cache hit)
1687 http cache es-errors@https://registry.npmjs.org/es-errors/-/es-errors-1.3.0.tgz 0ms (cache hit)
1688 http cache shebang-regex@https://registry.npmjs.org/shebang-regex/-/shebang-regex-3.0.0.tgz 0ms (cache hit)
1689 http cache queue-microtask@https://registry.npmjs.org/queue-microtask/-/queue-microtask-1.2.3.tgz 0ms (cache hit)
1690 http cache path-to-regexp@https://registry.npmjs.org/path-to-regexp/-/path-to-regexp-8.4.2.tgz 0ms (cache hit)
1691 http cache is-promise@https://registry.npmjs.org/is-promise/-/is-promise-4.0.0.tgz 0ms (cache hit)
1692 http cache mimic-function@https://registry.npmjs.org/mimic-function/-/mimic-function-5.0.1.tgz 0ms (cache hit)
1693 http cache onetime@https://registry.npmjs.org/onetime/-/onetime-7.0.0.tgz 0ms (cache hit)
1694 http cache tslib@https://registry.npmjs.org/tslib/-/tslib-2.8.1.tgz 0ms (cache hit)
1695 http cache source-map@https://registry.npmjs.org/source-map/-/source-map-0.6.1.tgz 0ms (cache hit)
1696 http cache tiny-invariant@https://registry.npmjs.org/tiny-invariant/-/tiny-invariant-1.3.3.tgz 0ms (cache hit)
1697 http cache unpipe@https://registry.npmjs.org/unpipe/-/unpipe-1.0.0.tgz 0ms (cache hit)
1698 http cache ast-types@https://registry.npmjs.org/ast-types/-/ast-types-0.16.1.tgz 0ms (cache hit)
1699 http cache esprima@https://registry.npmjs.org/esprima/-/esprima-4.0.1.tgz 0ms (cache hit)
1700 http cache side-channel@https://registry.npmjs.org/side-channel/-/side-channel-1.1.1.tgz 0ms (cache hit)
1701 http cache ipaddr.js@https://registry.npmjs.org/ipaddr.js/-/ipaddr.js-1.9.1.tgz 0ms (cache hit)
1702 http cache forwarded@https://registry.npmjs.org/forwarded/-/forwarded-0.2.0.tgz 0ms (cache hit)
1703 http cache sisteransi@https://registry.npmjs.org/sisteransi/-/sisteransi-1.0.5.tgz 0ms (cache hit)
1704 http cache parse-ms@https://registry.npmjs.org/parse-ms/-/parse-ms-4.0.0.tgz 0ms (cache hit)
1705 http cache util-deprecate@https://registry.npmjs.org/util-deprecate/-/util-deprecate-1.0.2.tgz 0ms (cache hit)
1706 http cache source-map-js@https://registry.npmjs.org/source-map-js/-/source-map-js-1.2.1.tgz 0ms (cache hit)
1707 http cache nanoid@https://registry.npmjs.org/nanoid/-/nanoid-3.3.12.tgz 0ms (cache hit)
1708 http cache is-arrayish@https://registry.npmjs.org/is-arrayish/-/is-arrayish-0.2.1.tgz 1ms (cache hit)
1709 http cache cssesc@https://registry.npmjs.org/cssesc/-/cssesc-3.0.0.tgz 0ms (cache hit)
1710 http cache lines-and-columns@https://registry.npmjs.org/lines-and-columns/-/lines-and-columns-1.2.4.tgz 0ms (cache hit)
1711 http cache json-parse-even-better-errors@https://registry.npmjs.org/json-parse-even-better-errors/-/json-parse-even-better-errors-2.3.1.tgz 0ms (cache hit)
1712 http cache error-ex@https://registry.npmjs.org/error-ex/-/error-ex-1.3.4.tgz 0ms (cache hit)
1713 http cache string-width@https://registry.npmjs.org/string-width/-/string-width-7.2.0.tgz 0ms (cache hit)
1714 http cache callsites@https://registry.npmjs.org/callsites/-/callsites-3.1.0.tgz 0ms (cache hit)
1715 http cache log-symbols@https://registry.npmjs.org/log-symbols/-/log-symbols-6.0.0.tgz 0ms (cache hit)
1716 http cache restore-cursor@https://registry.npmjs.org/restore-cursor/-/restore-cursor-5.1.0.tgz 0ms (cache hit)
1717 http cache stdin-discarder@https://registry.npmjs.org/stdin-discarder/-/stdin-discarder-0.2.2.tgz 0ms (cache hit)
1718 http cache is-interactive@https://registry.npmjs.org/is-interactive/-/is-interactive-2.0.0.tgz 0ms (cache hit)
1719 http cache cli-spinners@https://registry.npmjs.org/cli-spinners/-/cli-spinners-2.9.2.tgz 0ms (cache hit)
1720 http cache chalk@https://registry.npmjs.org/chalk/-/chalk-5.6.2.tgz 0ms (cache hit)
1721 http cache cli-cursor@https://registry.npmjs.org/cli-cursor/-/cli-cursor-5.0.0.tgz 0ms (cache hit)
1722 http cache is-docker@https://registry.npmjs.org/is-docker/-/is-docker-3.0.0.tgz 0ms (cache hit)
1723 http cache run-applescript@https://registry.npmjs.org/run-applescript/-/run-applescript-7.1.0.tgz 0ms (cache hit)
1724 http cache bundle-name@https://registry.npmjs.org/bundle-name/-/bundle-name-4.1.0.tgz 0ms (cache hit)
1725 http cache default-browser-id@https://registry.npmjs.org/default-browser-id/-/default-browser-id-5.0.1.tgz 0ms (cache hit)
1726 http cache powershell-utils@https://registry.npmjs.org/powershell-utils/-/powershell-utils-0.1.0.tgz 0ms (cache hit)
1727 http cache wsl-utils@https://registry.npmjs.org/wsl-utils/-/wsl-utils-0.3.1.tgz 0ms (cache hit)
1728 http cache is-in-ssh@https://registry.npmjs.org/is-in-ssh/-/is-in-ssh-1.0.0.tgz 0ms (cache hit)
1729 http cache is-inside-container@https://registry.npmjs.org/is-inside-container/-/is-inside-container-1.0.0.tgz 0ms (cache hit)
1730 http cache ee-first@https://registry.npmjs.org/ee-first/-/ee-first-1.1.1.tgz 0ms (cache hit)
1731 http cache define-lazy-prop@https://registry.npmjs.org/define-lazy-prop/-/define-lazy-prop-3.0.0.tgz 0ms (cache hit)
1732 http cache wrappy@https://registry.npmjs.org/wrappy/-/wrappy-1.0.2.tgz 0ms (cache hit)
1733 http cache default-browser@https://registry.npmjs.org/default-browser/-/default-browser-5.5.0.tgz 0ms (cache hit)
1734 http cache unicorn-magic@https://registry.npmjs.org/unicorn-magic/-/unicorn-magic-0.3.0.tgz 0ms (cache hit)
1735 http cache web-streams-polyfill@https://registry.npmjs.org/web-streams-polyfill/-/web-streams-polyfill-3.3.3.tgz 0ms (cache hit)
1736 http cache formdata-polyfill@https://registry.npmjs.org/formdata-polyfill/-/formdata-polyfill-4.0.10.tgz 0ms (cache hit)
1737 http cache node-domexception@https://registry.npmjs.org/node-domexception/-/node-domexception-1.0.0.tgz 0ms (cache hit)
1738 http cache mime-db@https://registry.npmjs.org/mime-db/-/mime-db-1.54.0.tgz 0ms (cache hit)
1739 http cache fetch-blob@https://registry.npmjs.org/fetch-blob/-/fetch-blob-3.2.0.tgz 0ms (cache hit)
1740 http cache to-regex-range@https://registry.npmjs.org/to-regex-range/-/to-regex-range-5.0.1.tgz 0ms (cache hit)
1741 http cache data-uri-to-buffer@https://registry.npmjs.org/data-uri-to-buffer/-/data-uri-to-buffer-4.0.1.tgz 0ms (cache hit)
1742 http cache fill-range@https://registry.npmjs.org/fill-range/-/fill-range-7.1.1.tgz 0ms (cache hit)
1743 http cache argparse@https://registry.npmjs.org/argparse/-/argparse-2.0.1.tgz 0ms (cache hit)
1744 http cache yallist@https://registry.npmjs.org/yallist/-/yallist-3.1.1.tgz 0ms (cache hit)
1745 http cache braces@https://registry.npmjs.org/braces/-/braces-3.0.3.tgz 0ms (cache hit)
1746 http cache is-extglob@https://registry.npmjs.org/is-extglob/-/is-extglob-2.1.1.tgz 0ms (cache hit)
1747 http cache parent-module@https://registry.npmjs.org/parent-module/-/parent-module-1.0.1.tgz 0ms (cache hit)
1748 http cache safer-buffer@https://registry.npmjs.org/safer-buffer/-/safer-buffer-2.1.2.tgz 0ms (cache hit)
1749 http cache resolve-from@https://registry.npmjs.org/resolve-from/-/resolve-from-4.0.0.tgz 0ms (cache hit)
1750 http cache agent-base@https://registry.npmjs.org/agent-base/-/agent-base-7.1.4.tgz 0ms (cache hit)
1751 http cache toidentifier@https://registry.npmjs.org/toidentifier/-/toidentifier-1.0.1.tgz 0ms (cache hit)
1752 http cache inherits@https://registry.npmjs.org/inherits/-/inherits-2.0.4.tgz 0ms (cache hit)
1753 http cache @sec-ant/readable-stream@https://registry.npmjs.org/@sec-ant/readable-stream/-/readable-stream-0.4.1.tgz 0ms (cache hit)
1754 http cache is-glob@https://registry.npmjs.org/is-glob/-/is-glob-4.0.3.tgz 0ms (cache hit)
1755 http cache setprototypeof@https://registry.npmjs.org/setprototypeof/-/setprototypeof-1.2.0.tgz 0ms (cache hit)
1756 http cache universalify@https://registry.npmjs.org/universalify/-/universalify-2.0.1.tgz 0ms (cache hit)
1757 http cache jsonfile@https://registry.npmjs.org/jsonfile/-/jsonfile-6.2.1.tgz 0ms (cache hit)
1758 http cache @nodelib/fs.scandir@https://registry.npmjs.org/@nodelib/fs.scandir/-/fs.scandir-2.1.5.tgz 0ms (cache hit)
1759 http cache graceful-fs@https://registry.npmjs.org/graceful-fs/-/graceful-fs-4.2.11.tgz 0ms (cache hit)
1760 http cache is-unicode-supported@https://registry.npmjs.org/is-unicode-supported/-/is-unicode-supported-2.1.0.tgz 1ms (cache hit)
1761 http cache run-parallel@https://registry.npmjs.org/run-parallel/-/run-parallel-1.2.0.tgz 1ms (cache hit)
1762 http cache reusify@https://registry.npmjs.org/reusify/-/reusify-1.1.0.tgz 0ms (cache hit)
1763 http cache @nodelib/fs.walk@https://registry.npmjs.org/@nodelib/fs.walk/-/fs.walk-1.2.8.tgz 0ms (cache hit)
1764 http cache fastq@https://registry.npmjs.org/fastq/-/fastq-1.20.1.tgz 0ms (cache hit)
1765 http cache @nodelib/fs.stat@https://registry.npmjs.org/@nodelib/fs.stat/-/fs.stat-2.0.5.tgz 0ms (cache hit)
1766 http cache micromatch@https://registry.npmjs.org/micromatch/-/micromatch-4.0.8.tgz 0ms (cache hit)
1767 http cache merge2@https://registry.npmjs.org/merge2/-/merge2-1.4.1.tgz 0ms (cache hit)
1768 http cache glob-parent@https://registry.npmjs.org/glob-parent/-/glob-parent-5.1.2.tgz 0ms (cache hit)
1769 http cache bytes@https://registry.npmjs.org/bytes/-/bytes-3.1.2.tgz 0ms (cache hit)
1770 http cache iconv-lite@https://registry.npmjs.org/iconv-lite/-/iconv-lite-0.7.2.tgz 0ms (cache hit)
1771 http cache type-is@https://registry.npmjs.org/type-is/-/type-is-2.1.0.tgz 0ms (cache hit)
1772 http cache negotiator@https://registry.npmjs.org/negotiator/-/negotiator-1.0.0.tgz 0ms (cache hit)
1773 http cache statuses@https://registry.npmjs.org/statuses/-/statuses-2.0.2.tgz 0ms (cache hit)
1774 http cache ip-address@https://registry.npmjs.org/ip-address/-/ip-address-10.2.0.tgz 0ms (cache hit)
1775 http cache serve-static@https://registry.npmjs.org/serve-static/-/serve-static-2.2.1.tgz 0ms (cache hit)
1776 http cache router@https://registry.npmjs.org/router/-/router-2.2.0.tgz 0ms (cache hit)
1777 http cache send@https://registry.npmjs.org/send/-/send-1.2.1.tgz 0ms (cache hit)
1778 http cache qs@https://registry.npmjs.org/qs/-/qs-6.15.2.tgz 0ms (cache hit)
1779 http cache range-parser@https://registry.npmjs.org/range-parser/-/range-parser-1.2.1.tgz 0ms (cache hit)
1780 http cache proxy-addr@https://registry.npmjs.org/proxy-addr/-/proxy-addr-2.0.7.tgz 0ms (cache hit)
1781 http cache parseurl@https://registry.npmjs.org/parseurl/-/parseurl-1.3.3.tgz 0ms (cache hit)
1782 http cache on-finished@https://registry.npmjs.org/on-finished/-/on-finished-2.4.1.tgz 0ms (cache hit)
1783 http cache once@https://registry.npmjs.org/once/-/once-1.4.0.tgz 0ms (cache hit)
1784 http cache http-errors@https://registry.npmjs.org/http-errors/-/http-errors-2.0.1.tgz 0ms (cache hit)
1785 http cache merge-descriptors@https://registry.npmjs.org/merge-descriptors/-/merge-descriptors-2.0.0.tgz 0ms (cache hit)
1786 http cache mime-types@https://registry.npmjs.org/mime-types/-/mime-types-3.0.2.tgz 0ms (cache hit)
1787 http cache finalhandler@https://registry.npmjs.org/finalhandler/-/finalhandler-2.1.1.tgz 0ms (cache hit)
1788 http cache fresh@https://registry.npmjs.org/fresh/-/fresh-2.0.0.tgz 1ms (cache hit)
1789 http cache etag@https://registry.npmjs.org/etag/-/etag-1.8.1.tgz 0ms (cache hit)
1790 http cache escape-html@https://registry.npmjs.org/escape-html/-/escape-html-1.0.3.tgz 0ms (cache hit)
1791 http cache depd@https://registry.npmjs.org/depd/-/depd-2.0.0.tgz 0ms (cache hit)
1792 http cache encodeurl@https://registry.npmjs.org/encodeurl/-/encodeurl-2.0.0.tgz 0ms (cache hit)
1793 http cache cookie@https://registry.npmjs.org/cookie/-/cookie-0.7.2.tgz 0ms (cache hit)
1794 http cache cookie-signature@https://registry.npmjs.org/cookie-signature/-/cookie-signature-1.2.2.tgz 0ms (cache hit)
1795 http cache content-disposition@https://registry.npmjs.org/content-disposition/-/content-disposition-1.1.0.tgz 0ms (cache hit)
1796 http cache body-parser@https://registry.npmjs.org/body-parser/-/body-parser-2.2.2.tgz 0ms (cache hit)
1797 http cache yoctocolors@https://registry.npmjs.org/yoctocolors/-/yoctocolors-2.1.2.tgz 0ms (cache hit)
1798 http cache strip-final-newline@https://registry.npmjs.org/strip-final-newline/-/strip-final-newline-4.0.0.tgz 0ms (cache hit)
1799 http cache signal-exit@https://registry.npmjs.org/signal-exit/-/signal-exit-4.1.0.tgz 0ms (cache hit)
1800 http cache accepts@https://registry.npmjs.org/accepts/-/accepts-2.0.0.tgz 0ms (cache hit)
1801 http cache pretty-ms@https://registry.npmjs.org/pretty-ms/-/pretty-ms-9.3.0.tgz 0ms (cache hit)
1802 http cache is-stream@https://registry.npmjs.org/is-stream/-/is-stream-4.0.1.tgz 0ms (cache hit)
1803 http cache npm-run-path@https://registry.npmjs.org/npm-run-path/-/npm-run-path-6.0.0.tgz 0ms (cache hit)
1804 http cache @sindresorhus/merge-streams@https://registry.npmjs.org/@sindresorhus/merge-streams/-/merge-streams-4.0.0.tgz 0ms (cache hit)
1805 http cache is-plain-obj@https://registry.npmjs.org/is-plain-obj/-/is-plain-obj-4.1.0.tgz 0ms (cache hit)
1806 http cache get-stream@https://registry.npmjs.org/get-stream/-/get-stream-9.0.1.tgz 1ms (cache hit)
1807 http cache @noble/hashes@https://registry.npmjs.org/@noble/hashes/-/hashes-1.8.0.tgz 0ms (cache hit)
1808 http cache human-signals@https://registry.npmjs.org/human-signals/-/human-signals-8.0.1.tgz 0ms (cache hit)
1809 http cache figures@https://registry.npmjs.org/figures/-/figures-6.1.0.tgz 0ms (cache hit)
1810 http cache @noble/ciphers@https://registry.npmjs.org/@noble/ciphers/-/ciphers-1.3.0.tgz 0ms (cache hit)
1811 http cache @ecies/ciphers@https://registry.npmjs.org/@ecies/ciphers/-/ciphers-0.2.6.tgz 0ms (cache hit)
1812 http cache @noble/curves@https://registry.npmjs.org/@noble/curves/-/curves-1.9.7.tgz 0ms (cache hit)
1813 http cache strip-ansi@https://registry.npmjs.org/strip-ansi/-/strip-ansi-6.0.1.tgz 0ms (cache hit)
1814 http cache ansi-colors@https://registry.npmjs.org/ansi-colors/-/ansi-colors-4.1.3.tgz 0ms (cache hit)
1815 http cache shebang-command@https://registry.npmjs.org/shebang-command/-/shebang-command-2.0.0.tgz 0ms (cache hit)
1816 http cache ms@https://registry.npmjs.org/ms/-/ms-2.1.3.tgz 0ms (cache hit)
1817 http cache path-key@https://registry.npmjs.org/path-key/-/path-key-3.1.1.tgz 0ms (cache hit)
1818 http cache parse-json@https://registry.npmjs.org/parse-json/-/parse-json-5.2.0.tgz 0ms (cache hit)
1819 http cache js-yaml@https://registry.npmjs.org/js-yaml/-/js-yaml-4.2.0.tgz 0ms (cache hit)
1820 http cache import-fresh@https://registry.npmjs.org/import-fresh/-/import-fresh-3.3.1.tgz 0ms (cache hit)
1821 http cache env-paths@https://registry.npmjs.org/env-paths/-/env-paths-2.2.1.tgz 0ms (cache hit)
1822 http cache vary@https://registry.npmjs.org/vary/-/vary-1.1.2.tgz 0ms (cache hit)
1823 http cache object-assign@https://registry.npmjs.org/object-assign/-/object-assign-4.1.1.tgz 0ms (cache hit)
1824 http cache node-releases@https://registry.npmjs.org/node-releases/-/node-releases-2.0.47.tgz 0ms (cache hit)
1825 http cache update-browserslist-db@https://registry.npmjs.org/update-browserslist-db/-/update-browserslist-db-1.2.3.tgz 1ms (cache hit)
1826 http cache electron-to-chromium@https://registry.npmjs.org/electron-to-chromium/-/electron-to-chromium-1.5.372.tgz 0ms (cache hit)
1827 http cache require-from-string@https://registry.npmjs.org/require-from-string/-/require-from-string-2.0.2.tgz 0ms (cache hit)
1828 http cache caniuse-lite@https://registry.npmjs.org/caniuse-lite/-/caniuse-lite-1.0.30001799.tgz 0ms (cache hit)
1829 http cache fast-deep-equal@https://registry.npmjs.org/fast-deep-equal/-/fast-deep-equal-3.1.3.tgz 0ms (cache hit)
1830 http cache json-schema-traverse@https://registry.npmjs.org/json-schema-traverse/-/json-schema-traverse-1.0.0.tgz 0ms (cache hit)
1831 http cache baseline-browser-mapping@https://registry.npmjs.org/baseline-browser-mapping/-/baseline-browser-mapping-2.10.37.tgz 0ms (cache hit)
1832 http cache fast-uri@https://registry.npmjs.org/fast-uri/-/fast-uri-3.1.2.tgz 0ms (cache hit)
1833 http cache raw-body@https://registry.npmjs.org/raw-body/-/raw-body-3.0.2.tgz 0ms (cache hit)
1834 http cache pkce-challenge@https://registry.npmjs.org/pkce-challenge/-/pkce-challenge-5.0.1.tgz 0ms (cache hit)
1835 http cache jose@https://registry.npmjs.org/jose/-/jose-6.2.3.tgz 0ms (cache hit)
1836 http cache json-schema-typed@https://registry.npmjs.org/json-schema-typed/-/json-schema-typed-8.0.2.tgz 0ms (cache hit)
1837 http cache express-rate-limit@https://registry.npmjs.org/express-rate-limit/-/express-rate-limit-8.5.2.tgz 0ms (cache hit)
1838 http cache express@https://registry.npmjs.org/express/-/express-5.2.1.tgz 0ms (cache hit)
1839 http cache eventsource@https://registry.npmjs.org/eventsource/-/eventsource-3.0.7.tgz 0ms (cache hit)
1840 http cache cross-spawn@https://registry.npmjs.org/cross-spawn/-/cross-spawn-7.0.6.tgz 0ms (cache hit)
1841 http cache eventsource-parser@https://registry.npmjs.org/eventsource-parser/-/eventsource-parser-3.1.0.tgz 0ms (cache hit)
1842 http cache ajv-formats@https://registry.npmjs.org/ajv-formats/-/ajv-formats-3.0.1.tgz 0ms (cache hit)
1843 http cache cors@https://registry.npmjs.org/cors/-/cors-2.8.6.tgz 0ms (cache hit)
1844 http cache @hono/node-server@https://registry.npmjs.org/@hono/node-server/-/node-server-1.19.14.tgz 0ms (cache hit)
1845 http cache ajv@https://registry.npmjs.org/ajv/-/ajv-8.20.0.tgz 0ms (cache hit)
1846 http cache @jridgewell/resolve-uri@https://registry.npmjs.org/@jridgewell/resolve-uri/-/resolve-uri-3.1.2.tgz 0ms (cache hit)
1847 http cache @jridgewell/sourcemap-codec@https://registry.npmjs.org/@jridgewell/sourcemap-codec/-/sourcemap-codec-1.5.5.tgz 0ms (cache hit)
1848 http cache hono@https://registry.npmjs.org/hono/-/hono-4.12.25.tgz 1ms (cache hit)
1849 http cache content-type@https://registry.npmjs.org/content-type/-/content-type-1.0.5.tgz 0ms (cache hit)
1850 http cache yocto-spinner@https://registry.npmjs.org/yocto-spinner/-/yocto-spinner-1.2.0.tgz 0ms (cache hit)
1851 http cache which@https://registry.npmjs.org/which/-/which-4.0.0.tgz 0ms (cache hit)
1852 http cache picomatch@https://registry.npmjs.org/picomatch/-/picomatch-4.0.4.tgz 0ms (cache hit)
1853 http cache object-treeify@https://registry.npmjs.org/object-treeify/-/object-treeify-1.1.33.tgz 0ms (cache hit)
1854 http cache ignore@https://registry.npmjs.org/ignore/-/ignore-5.3.2.tgz 0ms (cache hit)
1855 http cache @babel/helper-string-parser@https://registry.npmjs.org/@babel/helper-string-parser/-/helper-string-parser-7.29.7.tgz 0ms (cache hit)
1856 http cache @babel/helper-globals@https://registry.npmjs.org/@babel/helper-globals/-/helper-globals-7.29.7.tgz 1ms (cache hit)
1857 http cache enquirer@https://registry.npmjs.org/enquirer/-/enquirer-2.4.1.tgz 1ms (cache hit)
1858 http cache eciesjs@https://registry.npmjs.org/eciesjs/-/eciesjs-0.4.18.tgz 0ms (cache hit)
1859 http cache @babel/plugin-transform-modules-commonjs@https://registry.npmjs.org/@babel/plugin-transform-modules-commonjs/-/plugin-transform-modules-commonjs-7.29.7.tgz 0ms (cache hit)
1860 http cache fdir@https://registry.npmjs.org/fdir/-/fdir-6.5.0.tgz 0ms (cache hit)
1861 http cache @babel/plugin-syntax-jsx@https://registry.npmjs.org/@babel/plugin-syntax-jsx/-/plugin-syntax-jsx-7.29.7.tgz 0ms (cache hit)
1862 http cache dotenv@https://registry.npmjs.org/dotenv/-/dotenv-17.4.2.tgz 0ms (cache hit)
1863 http cache @babel/helper-replace-supers@https://registry.npmjs.org/@babel/helper-replace-supers/-/helper-replace-supers-7.29.7.tgz 0ms (cache hit)
1864 http cache @babel/helper-optimise-call-expression@https://registry.npmjs.org/@babel/helper-optimise-call-expression/-/helper-optimise-call-expression-7.29.7.tgz 0ms (cache hit)
1865 http cache @babel/helper-member-expression-to-functions@https://registry.npmjs.org/@babel/helper-member-expression-to-functions/-/helper-member-expression-to-functions-7.29.7.tgz 0ms (cache hit)
1866 http cache @babel/plugin-syntax-typescript@https://registry.npmjs.org/@babel/plugin-syntax-typescript/-/plugin-syntax-typescript-7.29.7.tgz 0ms (cache hit)
1867 http cache @babel/helper-plugin-utils@https://registry.npmjs.org/@babel/helper-plugin-utils/-/helper-plugin-utils-7.29.7.tgz 0ms (cache hit)
1868 http cache @babel/helper-annotate-as-pure@https://registry.npmjs.org/@babel/helper-annotate-as-pure/-/helper-annotate-as-pure-7.29.7.tgz 0ms (cache hit)
1869 http cache lru-cache@https://registry.npmjs.org/lru-cache/-/lru-cache-5.1.1.tgz 0ms (cache hit)
1870 http cache @babel/helper-create-class-features-plugin@https://registry.npmjs.org/@babel/helper-create-class-features-plugin/-/helper-create-class-features-plugin-7.29.7.tgz 0ms (cache hit)
1871 http cache @babel/helper-skip-transparent-expression-wrappers@https://registry.npmjs.org/@babel/helper-skip-transparent-expression-wrappers/-/helper-skip-transparent-expression-wrappers-7.29.7.tgz 0ms (cache hit)
1872 http cache @babel/compat-data@https://registry.npmjs.org/@babel/compat-data/-/compat-data-7.29.7.tgz 0ms (cache hit)
1873 http cache jsesc@https://registry.npmjs.org/jsesc/-/jsesc-3.1.0.tgz 0ms (cache hit)
1874 http cache @babel/helper-validator-option@https://registry.npmjs.org/@babel/helper-validator-option/-/helper-validator-option-7.29.7.tgz 0ms (cache hit)
1875 http cache @jridgewell/trace-mapping@https://registry.npmjs.org/@jridgewell/trace-mapping/-/trace-mapping-0.3.31.tgz 0ms (cache hit)
1876 http cache @jridgewell/gen-mapping@https://registry.npmjs.org/@jridgewell/gen-mapping/-/gen-mapping-0.3.13.tgz 0ms (cache hit)
1877 http cache picocolors@https://registry.npmjs.org/picocolors/-/picocolors-1.1.1.tgz 0ms (cache hit)
1878 http cache json5@https://registry.npmjs.org/json5/-/json5-2.2.3.tgz 0ms (cache hit)
1879 http cache @babel/helper-module-imports@https://registry.npmjs.org/@babel/helper-module-imports/-/helper-module-imports-7.29.7.tgz 0ms (cache hit)
1880 http cache @babel/helper-validator-identifier@https://registry.npmjs.org/@babel/helper-validator-identifier/-/helper-validator-identifier-7.29.7.tgz 0ms (cache hit)
1881 http cache semver@https://registry.npmjs.org/semver/-/semver-6.3.1.tgz 0ms (cache hit)
1882 http cache @jridgewell/remapping@https://registry.npmjs.org/@jridgewell/remapping/-/remapping-2.3.5.tgz 0ms (cache hit)
1883 http cache gensync@https://registry.npmjs.org/gensync/-/gensync-1.0.0-beta.2.tgz 0ms (cache hit)
1884 http cache @babel/types@https://registry.npmjs.org/@babel/types/-/types-7.29.7.tgz 0ms (cache hit)
1885 http cache debug@https://registry.npmjs.org/debug/-/debug-4.4.3.tgz 0ms (cache hit)
1886 http cache js-tokens@https://registry.npmjs.org/js-tokens/-/js-tokens-4.0.0.tgz 0ms (cache hit)
1887 http cache convert-source-map@https://registry.npmjs.org/convert-source-map/-/convert-source-map-2.0.0.tgz 0ms (cache hit)
1888 http cache @babel/traverse@https://registry.npmjs.org/@babel/traverse/-/traverse-7.29.7.tgz 0ms (cache hit)
1889 http cache @babel/helpers@https://registry.npmjs.org/@babel/helpers/-/helpers-7.29.7.tgz 0ms (cache hit)
1890 http cache @babel/template@https://registry.npmjs.org/@babel/template/-/template-7.29.7.tgz 0ms (cache hit)
1891 http cache @babel/generator@https://registry.npmjs.org/@babel/generator/-/generator-7.29.7.tgz 0ms (cache hit)
1892 http cache @babel/helper-module-transforms@https://registry.npmjs.org/@babel/helper-module-transforms/-/helper-module-transforms-7.29.7.tgz 0ms (cache hit)
1893 http cache @babel/code-frame@https://registry.npmjs.org/@babel/code-frame/-/code-frame-7.29.7.tgz 0ms (cache hit)
1894 http cache @babel/helper-compilation-targets@https://registry.npmjs.org/@babel/helper-compilation-targets/-/helper-compilation-targets-7.29.7.tgz 0ms (cache hit)
1895 http cache zod-to-json-schema@https://registry.npmjs.org/zod-to-json-schema/-/zod-to-json-schema-3.25.2.tgz 0ms (cache hit)
1896 http cache tsconfig-paths@https://registry.npmjs.org/tsconfig-paths/-/tsconfig-paths-4.2.0.tgz 0ms (cache hit)
1897 http cache zod@https://registry.npmjs.org/zod/-/zod-3.25.76.tgz 0ms (cache hit)
1898 http cache validate-npm-package-name@https://registry.npmjs.org/validate-npm-package-name/-/validate-npm-package-name-7.0.2.tgz 0ms (cache hit)
1899 http cache tailwind-merge@https://registry.npmjs.org/tailwind-merge/-/tailwind-merge-3.6.0.tgz 0ms (cache hit)
1900 http cache ts-morph@https://registry.npmjs.org/ts-morph/-/ts-morph-26.0.0.tgz 1ms (cache hit)
1901 http cache stringify-object@https://registry.npmjs.org/stringify-object/-/stringify-object-5.0.0.tgz 0ms (cache hit)
1902 http cache prompts@https://registry.npmjs.org/prompts/-/prompts-2.4.2.tgz 0ms (cache hit)
1903 http cache open@https://registry.npmjs.org/open/-/open-11.0.0.tgz 0ms (cache hit)
1904 http cache recast@https://registry.npmjs.org/recast/-/recast-0.23.11.tgz 0ms (cache hit)
1905 http cache postcss@https://registry.npmjs.org/postcss/-/postcss-8.5.15.tgz 0ms (cache hit)
1906 http cache ora@https://registry.npmjs.org/ora/-/ora-8.2.0.tgz 0ms (cache hit)
1907 http cache postcss-selector-parser@https://registry.npmjs.org/postcss-selector-parser/-/postcss-selector-parser-7.1.4.tgz 0ms (cache hit)
1908 http cache kleur@https://registry.npmjs.org/kleur/-/kleur-4.1.5.tgz 0ms (cache hit)
1909 http cache fuzzysort@https://registry.npmjs.org/fuzzysort/-/fuzzysort-3.1.0.tgz 0ms (cache hit)
1910 http cache https-proxy-agent@https://registry.npmjs.org/https-proxy-agent/-/https-proxy-agent-7.0.6.tgz 1ms (cache hit)
1911 http cache node-fetch@https://registry.npmjs.org/node-fetch/-/node-fetch-3.3.2.tgz 0ms (cache hit)
1912 http cache fast-glob@https://registry.npmjs.org/fast-glob/-/fast-glob-3.3.3.tgz 0ms (cache hit)
1913 http cache diff@https://registry.npmjs.org/diff/-/diff-8.0.4.tgz 0ms (cache hit)
1914 http cache execa@https://registry.npmjs.org/execa/-/execa-9.6.1.tgz 0ms (cache hit)
1915 http cache fs-extra@https://registry.npmjs.org/fs-extra/-/fs-extra-11.3.5.tgz 0ms (cache hit)
1916 http cache deepmerge@https://registry.npmjs.org/deepmerge/-/deepmerge-4.3.1.tgz 0ms (cache hit)
1917 http cache dedent@https://registry.npmjs.org/dedent/-/dedent-1.7.2.tgz 0ms (cache hit)
1918 http cache cosmiconfig@https://registry.npmjs.org/cosmiconfig/-/cosmiconfig-9.0.2.tgz 0ms (cache hit)
1919 http cache @modelcontextprotocol/sdk@https://registry.npmjs.org/@modelcontextprotocol/sdk/-/sdk-1.29.0.tgz 0ms (cache hit)
1920 http cache commander@https://registry.npmjs.org/commander/-/commander-14.0.3.tgz 0ms (cache hit)
1921 http cache @types/validate-npm-package-name@https://registry.npmjs.org/@types/validate-npm-package-name/-/validate-npm-package-name-4.0.2.tgz 0ms (cache hit)
1922 http cache browserslist@https://registry.npmjs.org/browserslist/-/browserslist-4.28.2.tgz 0ms (cache hit)
1923 http cache @dotenvx/dotenvx@https://registry.npmjs.org/@dotenvx/dotenvx/-/dotenvx-1.71.3.tgz 0ms (cache hit)
1924 http cache @babel/plugin-transform-typescript@https://registry.npmjs.org/@babel/plugin-transform-typescript/-/plugin-transform-typescript-7.29.7.tgz 0ms (cache hit)
1925 http cache @babel/parser@https://registry.npmjs.org/@babel/parser/-/parser-7.29.7.tgz 0ms (cache hit)
1926 http cache shadcn@https://registry.npmjs.org/shadcn/-/shadcn-4.11.0.tgz 1ms (cache hit)
1927 http cache picomatch@https://registry.npmjs.org/picomatch/-/picomatch-2.3.2.tgz 0ms (cache hit)
1928 http cache ansi-regex@https://registry.npmjs.org/ansi-regex/-/ansi-regex-6.2.2.tgz 0ms (cache hit)
1929 http cache strip-ansi@https://registry.npmjs.org/strip-ansi/-/strip-ansi-7.2.0.tgz 0ms (cache hit)
1930 http cache content-type@https://registry.npmjs.org/content-type/-/content-type-2.0.0.tgz 0ms (cache hit)
1931 http cache @babel/core@https://registry.npmjs.org/@babel/core/-/core-7.29.7.tgz 0ms (cache hit)
1932 http cache isexe@https://registry.npmjs.org/isexe/-/isexe-2.0.0.tgz 0ms (cache hit)
1933 http cache path-key@https://registry.npmjs.org/path-key/-/path-key-4.0.0.tgz 0ms (cache hit)
1934 http cache @babel/preset-typescript@https://registry.npmjs.org/@babel/preset-typescript/-/preset-typescript-7.29.7.tgz 0ms (cache hit)
1935 http cache which@https://registry.npmjs.org/which/-/which-2.0.2.tgz 0ms (cache hit)
1936 http cache is-unicode-supported@https://registry.npmjs.org/is-unicode-supported/-/is-unicode-supported-1.3.0.tgz 0ms (cache hit)
1937 http cache ansi-regex@https://registry.npmjs.org/ansi-regex/-/ansi-regex-6.2.2.tgz 0ms (cache hit)
1938 http cache strip-ansi@https://registry.npmjs.org/strip-ansi/-/strip-ansi-7.2.0.tgz 0ms (cache hit)
1939 http cache kleur@https://registry.npmjs.org/kleur/-/kleur-3.0.3.tgz 0ms (cache hit)
1940 http cache npm-run-path@https://registry.npmjs.org/npm-run-path/-/npm-run-path-4.0.1.tgz 0ms (cache hit)
1941 http cache strip-final-newline@https://registry.npmjs.org/strip-final-newline/-/strip-final-newline-2.0.0.tgz 0ms (cache hit)
1942 http cache signal-exit@https://registry.npmjs.org/signal-exit/-/signal-exit-3.0.7.tgz 0ms (cache hit)
1943 http cache onetime@https://registry.npmjs.org/onetime/-/onetime-5.1.2.tgz 0ms (cache hit)
1944 http cache is-stream@https://registry.npmjs.org/is-stream/-/is-stream-2.0.1.tgz 0ms (cache hit)
1945 silly tarball no local data for mimic-fn@https://registry.npmjs.org/mimic-fn/-/mimic-fn-2.1.0.tgz. Extracting by manifest.
1946 http cache get-stream@https://registry.npmjs.org/get-stream/-/get-stream-6.0.1.tgz 0ms (cache hit)
1947 silly tarball no local data for escalade@https://registry.npmjs.org/escalade/-/escalade-3.2.0.tgz. Extracting by manifest.
1948 silly tarball no local data for isexe@https://registry.npmjs.org/isexe/-/isexe-3.1.5.tgz. Extracting by manifest.
1949 http cache human-signals@https://registry.npmjs.org/human-signals/-/human-signals-2.1.0.tgz 0ms (cache hit)
1950 silly tarball no local data for media-typer@https://registry.npmjs.org/media-typer/-/media-typer-1.1.0.tgz. Extracting by manifest.
1951 silly tarball no local data for is-wsl@https://registry.npmjs.org/is-wsl/-/is-wsl-3.1.1.tgz. Extracting by manifest.
1952 http cache commander@https://registry.npmjs.org/commander/-/commander-11.1.0.tgz 0ms (cache hit)
1953 silly tarball no local data for merge-stream@https://registry.npmjs.org/merge-stream/-/merge-stream-2.0.0.tgz. Extracting by manifest.
1954 silly tarball no local data for strip-bom@https://registry.npmjs.org/strip-bom/-/strip-bom-3.0.0.tgz. Extracting by manifest.
1955 silly tarball no local data for brace-expansion@https://registry.npmjs.org/brace-expansion/-/brace-expansion-5.0.6.tgz. Extracting by manifest.
1956 silly tarball no local data for balanced-match@https://registry.npmjs.org/balanced-match/-/balanced-match-4.0.4.tgz. Extracting by manifest.
1957 silly tarball no local data for minimist@https://registry.npmjs.org/minimist/-/minimist-1.2.8.tgz. Extracting by manifest.
1958 http cache execa@https://registry.npmjs.org/execa/-/execa-5.1.1.tgz 0ms (cache hit)
1959 silly tarball no local data for code-block-writer@https://registry.npmjs.org/code-block-writer/-/code-block-writer-13.0.3.tgz. Extracting by manifest.
1960 silly tarball no local data for path-browserify@https://registry.npmjs.org/path-browserify/-/path-browserify-1.0.1.tgz. Extracting by manifest.
1961 silly tarball no local data for @ts-morph/common@https://registry.npmjs.org/@ts-morph/common/-/common-0.27.0.tgz. Extracting by manifest.
1962 silly tarball no local data for ansi-regex@https://registry.npmjs.org/ansi-regex/-/ansi-regex-5.0.1.tgz. Extracting by manifest.
1963 silly tarball no local data for is-number@https://registry.npmjs.org/is-number/-/is-number-7.0.0.tgz. Extracting by manifest.
1964 silly tarball no local data for minimatch@https://registry.npmjs.org/minimatch/-/minimatch-10.2.5.tgz. Extracting by manifest.
1965 silly tarball no local data for is-regexp@https://registry.npmjs.org/is-regexp/-/is-regexp-3.1.0.tgz. Extracting by manifest.
1966 silly tarball no local data for is-obj@https://registry.npmjs.org/is-obj/-/is-obj-3.0.0.tgz. Extracting by manifest.
1967 silly tarball no local data for get-own-enumerable-keys@https://registry.npmjs.org/get-own-enumerable-keys/-/get-own-enumerable-keys-1.0.0.tgz. Extracting by manifest.
1968 silly tarball no local data for emoji-regex@https://registry.npmjs.org/emoji-regex/-/emoji-regex-10.6.0.tgz. Extracting by manifest.
1969 silly tarball no local data for get-east-asian-width@https://registry.npmjs.org/get-east-asian-width/-/get-east-asian-width-1.6.0.tgz. Extracting by manifest.
1970 silly tarball no local data for hasown@https://registry.npmjs.org/hasown/-/hasown-2.0.4.tgz. Extracting by manifest.
1971 silly tarball no local data for gopd@https://registry.npmjs.org/gopd/-/gopd-1.2.0.tgz. Extracting by manifest.
1972 silly tarball no local data for has-symbols@https://registry.npmjs.org/has-symbols/-/has-symbols-1.1.0.tgz. Extracting by manifest.
1973 silly tarball no local data for math-intrinsics@https://registry.npmjs.org/math-intrinsics/-/math-intrinsics-1.1.0.tgz. Extracting by manifest.
1974 silly tarball no local data for get-proto@https://registry.npmjs.org/get-proto/-/get-proto-1.0.1.tgz. Extracting by manifest.
1975 silly tarball no local data for function-bind@https://registry.npmjs.org/function-bind/-/function-bind-1.1.2.tgz. Extracting by manifest.
1976 silly tarball no local data for call-bind-apply-helpers@https://registry.npmjs.org/call-bind-apply-helpers/-/call-bind-apply-helpers-1.0.2.tgz. Extracting by manifest.
1977 silly tarball no local data for es-object-atoms@https://registry.npmjs.org/es-object-atoms/-/es-object-atoms-1.1.2.tgz. Extracting by manifest.
1978 silly tarball no local data for get-intrinsic@https://registry.npmjs.org/get-intrinsic/-/get-intrinsic-1.3.0.tgz. Extracting by manifest.
1979 silly tarball no local data for side-channel-weakmap@https://registry.npmjs.org/side-channel-weakmap/-/side-channel-weakmap-1.0.2.tgz. Extracting by manifest.
1980 silly tarball no local data for dunder-proto@https://registry.npmjs.org/dunder-proto/-/dunder-proto-1.0.1.tgz. Extracting by manifest.
1981 silly tarball no local data for es-define-property@https://registry.npmjs.org/es-define-property/-/es-define-property-1.0.1.tgz. Extracting by manifest.
1982 silly tarball no local data for side-channel-map@https://registry.npmjs.org/side-channel-map/-/side-channel-map-1.0.1.tgz. Extracting by manifest.
1983 silly tarball no local data for call-bound@https://registry.npmjs.org/call-bound/-/call-bound-1.0.4.tgz. Extracting by manifest.
1984 silly tarball no local data for es-errors@https://registry.npmjs.org/es-errors/-/es-errors-1.3.0.tgz. Extracting by manifest.
1985 silly tarball no local data for object-inspect@https://registry.npmjs.org/object-inspect/-/object-inspect-1.13.4.tgz. Extracting by manifest.
1986 silly tarball no local data for shebang-regex@https://registry.npmjs.org/shebang-regex/-/shebang-regex-3.0.0.tgz. Extracting by manifest.
1987 silly tarball no local data for path-to-regexp@https://registry.npmjs.org/path-to-regexp/-/path-to-regexp-8.4.2.tgz. Extracting by manifest.
1988 silly tarball no local data for queue-microtask@https://registry.npmjs.org/queue-microtask/-/queue-microtask-1.2.3.tgz. Extracting by manifest.
1989 silly tarball no local data for side-channel-list@https://registry.npmjs.org/side-channel-list/-/side-channel-list-1.0.1.tgz. Extracting by manifest.
1990 silly tarball no local data for is-promise@https://registry.npmjs.org/is-promise/-/is-promise-4.0.0.tgz. Extracting by manifest.
1991 silly tarball no local data for mimic-function@https://registry.npmjs.org/mimic-function/-/mimic-function-5.0.1.tgz. Extracting by manifest.
1992 silly tarball no local data for onetime@https://registry.npmjs.org/onetime/-/onetime-7.0.0.tgz. Extracting by manifest.
1993 silly tarball no local data for tslib@https://registry.npmjs.org/tslib/-/tslib-2.8.1.tgz. Extracting by manifest.
1994 silly tarball no local data for source-map@https://registry.npmjs.org/source-map/-/source-map-0.6.1.tgz. Extracting by manifest.
1995 silly tarball no local data for tiny-invariant@https://registry.npmjs.org/tiny-invariant/-/tiny-invariant-1.3.3.tgz. Extracting by manifest.
1996 silly tarball no local data for unpipe@https://registry.npmjs.org/unpipe/-/unpipe-1.0.0.tgz. Extracting by manifest.
1997 silly tarball no local data for ast-types@https://registry.npmjs.org/ast-types/-/ast-types-0.16.1.tgz. Extracting by manifest.
1998 silly tarball no local data for esprima@https://registry.npmjs.org/esprima/-/esprima-4.0.1.tgz. Extracting by manifest.
1999 silly tarball no local data for side-channel@https://registry.npmjs.org/side-channel/-/side-channel-1.1.1.tgz. Extracting by manifest.
2000 silly tarball no local data for ipaddr.js@https://registry.npmjs.org/ipaddr.js/-/ipaddr.js-1.9.1.tgz. Extracting by manifest.
2001 silly tarball no local data for forwarded@https://registry.npmjs.org/forwarded/-/forwarded-0.2.0.tgz. Extracting by manifest.
2002 silly tarball no local data for sisteransi@https://registry.npmjs.org/sisteransi/-/sisteransi-1.0.5.tgz. Extracting by manifest.
2003 silly tarball no local data for parse-ms@https://registry.npmjs.org/parse-ms/-/parse-ms-4.0.0.tgz. Extracting by manifest.
2004 silly tarball no local data for util-deprecate@https://registry.npmjs.org/util-deprecate/-/util-deprecate-1.0.2.tgz. Extracting by manifest.
2005 silly tarball no local data for source-map-js@https://registry.npmjs.org/source-map-js/-/source-map-js-1.2.1.tgz. Extracting by manifest.
2006 silly tarball no local data for nanoid@https://registry.npmjs.org/nanoid/-/nanoid-3.3.12.tgz. Extracting by manifest.
2007 silly tarball no local data for is-arrayish@https://registry.npmjs.org/is-arrayish/-/is-arrayish-0.2.1.tgz. Extracting by manifest.
2008 silly tarball no local data for cssesc@https://registry.npmjs.org/cssesc/-/cssesc-3.0.0.tgz. Extracting by manifest.
2009 silly tarball no local data for lines-and-columns@https://registry.npmjs.org/lines-and-columns/-/lines-and-columns-1.2.4.tgz. Extracting by manifest.
2010 silly tarball no local data for json-parse-even-better-errors@https://registry.npmjs.org/json-parse-even-better-errors/-/json-parse-even-better-errors-2.3.1.tgz. Extracting by manifest.
2011 silly tarball no local data for error-ex@https://registry.npmjs.org/error-ex/-/error-ex-1.3.4.tgz. Extracting by manifest.
2012 silly tarball no local data for string-width@https://registry.npmjs.org/string-width/-/string-width-7.2.0.tgz. Extracting by manifest.
2013 silly tarball no local data for callsites@https://registry.npmjs.org/callsites/-/callsites-3.1.0.tgz. Extracting by manifest.
2014 silly tarball no local data for log-symbols@https://registry.npmjs.org/log-symbols/-/log-symbols-6.0.0.tgz. Extracting by manifest.
2015 silly tarball no local data for restore-cursor@https://registry.npmjs.org/restore-cursor/-/restore-cursor-5.1.0.tgz. Extracting by manifest.
2016 silly tarball no local data for stdin-discarder@https://registry.npmjs.org/stdin-discarder/-/stdin-discarder-0.2.2.tgz. Extracting by manifest.
2017 silly tarball no local data for is-interactive@https://registry.npmjs.org/is-interactive/-/is-interactive-2.0.0.tgz. Extracting by manifest.
2018 silly tarball no local data for cli-spinners@https://registry.npmjs.org/cli-spinners/-/cli-spinners-2.9.2.tgz. Extracting by manifest.
2019 silly tarball no local data for chalk@https://registry.npmjs.org/chalk/-/chalk-5.6.2.tgz. Extracting by manifest.
2020 silly tarball no local data for cli-cursor@https://registry.npmjs.org/cli-cursor/-/cli-cursor-5.0.0.tgz. Extracting by manifest.
2021 silly tarball no local data for is-docker@https://registry.npmjs.org/is-docker/-/is-docker-3.0.0.tgz. Extracting by manifest.
2022 silly tarball no local data for run-applescript@https://registry.npmjs.org/run-applescript/-/run-applescript-7.1.0.tgz. Extracting by manifest.
2023 silly tarball no local data for bundle-name@https://registry.npmjs.org/bundle-name/-/bundle-name-4.1.0.tgz. Extracting by manifest.
2024 silly tarball no local data for default-browser-id@https://registry.npmjs.org/default-browser-id/-/default-browser-id-5.0.1.tgz. Extracting by manifest.
2025 silly tarball no local data for powershell-utils@https://registry.npmjs.org/powershell-utils/-/powershell-utils-0.1.0.tgz. Extracting by manifest.
2026 silly tarball no local data for wsl-utils@https://registry.npmjs.org/wsl-utils/-/wsl-utils-0.3.1.tgz. Extracting by manifest.
2027 silly tarball no local data for is-in-ssh@https://registry.npmjs.org/is-in-ssh/-/is-in-ssh-1.0.0.tgz. Extracting by manifest.
2028 silly tarball no local data for is-inside-container@https://registry.npmjs.org/is-inside-container/-/is-inside-container-1.0.0.tgz. Extracting by manifest.
2029 silly tarball no local data for ee-first@https://registry.npmjs.org/ee-first/-/ee-first-1.1.1.tgz. Extracting by manifest.
2030 silly tarball no local data for define-lazy-prop@https://registry.npmjs.org/define-lazy-prop/-/define-lazy-prop-3.0.0.tgz. Extracting by manifest.
2031 silly tarball no local data for wrappy@https://registry.npmjs.org/wrappy/-/wrappy-1.0.2.tgz. Extracting by manifest.
2032 silly tarball no local data for default-browser@https://registry.npmjs.org/default-browser/-/default-browser-5.5.0.tgz. Extracting by manifest.
2033 silly tarball no local data for unicorn-magic@https://registry.npmjs.org/unicorn-magic/-/unicorn-magic-0.3.0.tgz. Extracting by manifest.
2034 silly tarball no local data for web-streams-polyfill@https://registry.npmjs.org/web-streams-polyfill/-/web-streams-polyfill-3.3.3.tgz. Extracting by manifest.
2035 silly tarball no local data for formdata-polyfill@https://registry.npmjs.org/formdata-polyfill/-/formdata-polyfill-4.0.10.tgz. Extracting by manifest.
2036 silly tarball no local data for node-domexception@https://registry.npmjs.org/node-domexception/-/node-domexception-1.0.0.tgz. Extracting by manifest.
2037 silly tarball no local data for mime-db@https://registry.npmjs.org/mime-db/-/mime-db-1.54.0.tgz. Extracting by manifest.
2038 silly tarball no local data for fetch-blob@https://registry.npmjs.org/fetch-blob/-/fetch-blob-3.2.0.tgz. Extracting by manifest.
2039 silly tarball no local data for to-regex-range@https://registry.npmjs.org/to-regex-range/-/to-regex-range-5.0.1.tgz. Extracting by manifest.
2040 silly tarball no local data for data-uri-to-buffer@https://registry.npmjs.org/data-uri-to-buffer/-/data-uri-to-buffer-4.0.1.tgz. Extracting by manifest.
2041 silly tarball no local data for fill-range@https://registry.npmjs.org/fill-range/-/fill-range-7.1.1.tgz. Extracting by manifest.
2042 silly tarball no local data for argparse@https://registry.npmjs.org/argparse/-/argparse-2.0.1.tgz. Extracting by manifest.
2043 silly tarball no local data for yallist@https://registry.npmjs.org/yallist/-/yallist-3.1.1.tgz. Extracting by manifest.
2044 silly tarball no local data for braces@https://registry.npmjs.org/braces/-/braces-3.0.3.tgz. Extracting by manifest.
2045 silly tarball no local data for is-extglob@https://registry.npmjs.org/is-extglob/-/is-extglob-2.1.1.tgz. Extracting by manifest.
2046 silly tarball no local data for parent-module@https://registry.npmjs.org/parent-module/-/parent-module-1.0.1.tgz. Extracting by manifest.
2047 silly tarball no local data for safer-buffer@https://registry.npmjs.org/safer-buffer/-/safer-buffer-2.1.2.tgz. Extracting by manifest.
2048 silly tarball no local data for resolve-from@https://registry.npmjs.org/resolve-from/-/resolve-from-4.0.0.tgz. Extracting by manifest.
2049 silly tarball no local data for agent-base@https://registry.npmjs.org/agent-base/-/agent-base-7.1.4.tgz. Extracting by manifest.
2050 silly tarball no local data for toidentifier@https://registry.npmjs.org/toidentifier/-/toidentifier-1.0.1.tgz. Extracting by manifest.
2051 silly tarball no local data for inherits@https://registry.npmjs.org/inherits/-/inherits-2.0.4.tgz. Extracting by manifest.
2052 silly tarball no local data for @sec-ant/readable-stream@https://registry.npmjs.org/@sec-ant/readable-stream/-/readable-stream-0.4.1.tgz. Extracting by manifest.
2053 silly tarball no local data for is-glob@https://registry.npmjs.org/is-glob/-/is-glob-4.0.3.tgz. Extracting by manifest.
2054 silly tarball no local data for setprototypeof@https://registry.npmjs.org/setprototypeof/-/setprototypeof-1.2.0.tgz. Extracting by manifest.
2055 silly tarball no local data for universalify@https://registry.npmjs.org/universalify/-/universalify-2.0.1.tgz. Extracting by manifest.
2056 silly tarball no local data for jsonfile@https://registry.npmjs.org/jsonfile/-/jsonfile-6.2.1.tgz. Extracting by manifest.
2057 silly tarball no local data for @nodelib/fs.scandir@https://registry.npmjs.org/@nodelib/fs.scandir/-/fs.scandir-2.1.5.tgz. Extracting by manifest.
2058 silly tarball no local data for graceful-fs@https://registry.npmjs.org/graceful-fs/-/graceful-fs-4.2.11.tgz. Extracting by manifest.
2059 silly tarball no local data for is-unicode-supported@https://registry.npmjs.org/is-unicode-supported/-/is-unicode-supported-2.1.0.tgz. Extracting by manifest.
2060 silly tarball no local data for run-parallel@https://registry.npmjs.org/run-parallel/-/run-parallel-1.2.0.tgz. Extracting by manifest.
2061 silly tarball no local data for reusify@https://registry.npmjs.org/reusify/-/reusify-1.1.0.tgz. Extracting by manifest.
2062 silly tarball no local data for @nodelib/fs.walk@https://registry.npmjs.org/@nodelib/fs.walk/-/fs.walk-1.2.8.tgz. Extracting by manifest.
2063 silly tarball no local data for fastq@https://registry.npmjs.org/fastq/-/fastq-1.20.1.tgz. Extracting by manifest.
2064 silly tarball no local data for @nodelib/fs.stat@https://registry.npmjs.org/@nodelib/fs.stat/-/fs.stat-2.0.5.tgz. Extracting by manifest.
2065 silly tarball no local data for micromatch@https://registry.npmjs.org/micromatch/-/micromatch-4.0.8.tgz. Extracting by manifest.
2066 silly tarball no local data for merge2@https://registry.npmjs.org/merge2/-/merge2-1.4.1.tgz. Extracting by manifest.
2067 silly tarball no local data for glob-parent@https://registry.npmjs.org/glob-parent/-/glob-parent-5.1.2.tgz. Extracting by manifest.
2068 silly tarball no local data for bytes@https://registry.npmjs.org/bytes/-/bytes-3.1.2.tgz. Extracting by manifest.
2069 silly tarball no local data for iconv-lite@https://registry.npmjs.org/iconv-lite/-/iconv-lite-0.7.2.tgz. Extracting by manifest.
2070 silly tarball no local data for type-is@https://registry.npmjs.org/type-is/-/type-is-2.1.0.tgz. Extracting by manifest.
2071 silly tarball no local data for negotiator@https://registry.npmjs.org/negotiator/-/negotiator-1.0.0.tgz. Extracting by manifest.
2072 silly tarball no local data for statuses@https://registry.npmjs.org/statuses/-/statuses-2.0.2.tgz. Extracting by manifest.
2073 silly tarball no local data for ip-address@https://registry.npmjs.org/ip-address/-/ip-address-10.2.0.tgz. Extracting by manifest.
2074 silly tarball no local data for serve-static@https://registry.npmjs.org/serve-static/-/serve-static-2.2.1.tgz. Extracting by manifest.
2075 silly tarball no local data for router@https://registry.npmjs.org/router/-/router-2.2.0.tgz. Extracting by manifest.
2076 silly tarball no local data for send@https://registry.npmjs.org/send/-/send-1.2.1.tgz. Extracting by manifest.
2077 silly tarball no local data for qs@https://registry.npmjs.org/qs/-/qs-6.15.2.tgz. Extracting by manifest.
2078 silly tarball no local data for range-parser@https://registry.npmjs.org/range-parser/-/range-parser-1.2.1.tgz. Extracting by manifest.
2079 silly tarball no local data for proxy-addr@https://registry.npmjs.org/proxy-addr/-/proxy-addr-2.0.7.tgz. Extracting by manifest.
2080 silly tarball no local data for parseurl@https://registry.npmjs.org/parseurl/-/parseurl-1.3.3.tgz. Extracting by manifest.
2081 silly tarball no local data for on-finished@https://registry.npmjs.org/on-finished/-/on-finished-2.4.1.tgz. Extracting by manifest.
2082 silly tarball no local data for once@https://registry.npmjs.org/once/-/once-1.4.0.tgz. Extracting by manifest.
2083 silly tarball no local data for http-errors@https://registry.npmjs.org/http-errors/-/http-errors-2.0.1.tgz. Extracting by manifest.
2084 silly tarball no local data for merge-descriptors@https://registry.npmjs.org/merge-descriptors/-/merge-descriptors-2.0.0.tgz. Extracting by manifest.
2085 silly tarball no local data for mime-types@https://registry.npmjs.org/mime-types/-/mime-types-3.0.2.tgz. Extracting by manifest.
2086 silly tarball no local data for finalhandler@https://registry.npmjs.org/finalhandler/-/finalhandler-2.1.1.tgz. Extracting by manifest.
2087 silly tarball no local data for fresh@https://registry.npmjs.org/fresh/-/fresh-2.0.0.tgz. Extracting by manifest.
2088 silly tarball no local data for etag@https://registry.npmjs.org/etag/-/etag-1.8.1.tgz. Extracting by manifest.
2089 silly tarball no local data for escape-html@https://registry.npmjs.org/escape-html/-/escape-html-1.0.3.tgz. Extracting by manifest.
2090 silly tarball no local data for depd@https://registry.npmjs.org/depd/-/depd-2.0.0.tgz. Extracting by manifest.
2091 silly tarball no local data for encodeurl@https://registry.npmjs.org/encodeurl/-/encodeurl-2.0.0.tgz. Extracting by manifest.
2092 silly tarball no local data for cookie@https://registry.npmjs.org/cookie/-/cookie-0.7.2.tgz. Extracting by manifest.
2093 silly tarball no local data for cookie-signature@https://registry.npmjs.org/cookie-signature/-/cookie-signature-1.2.2.tgz. Extracting by manifest.
2094 silly tarball no local data for content-disposition@https://registry.npmjs.org/content-disposition/-/content-disposition-1.1.0.tgz. Extracting by manifest.
2095 silly tarball no local data for body-parser@https://registry.npmjs.org/body-parser/-/body-parser-2.2.2.tgz. Extracting by manifest.
2096 silly tarball no local data for yoctocolors@https://registry.npmjs.org/yoctocolors/-/yoctocolors-2.1.2.tgz. Extracting by manifest.
2097 silly tarball no local data for strip-final-newline@https://registry.npmjs.org/strip-final-newline/-/strip-final-newline-4.0.0.tgz. Extracting by manifest.
2098 silly tarball no local data for signal-exit@https://registry.npmjs.org/signal-exit/-/signal-exit-4.1.0.tgz. Extracting by manifest.
2099 silly tarball no local data for accepts@https://registry.npmjs.org/accepts/-/accepts-2.0.0.tgz. Extracting by manifest.
2100 silly tarball no local data for pretty-ms@https://registry.npmjs.org/pretty-ms/-/pretty-ms-9.3.0.tgz. Extracting by manifest.
2101 silly tarball no local data for is-stream@https://registry.npmjs.org/is-stream/-/is-stream-4.0.1.tgz. Extracting by manifest.
2102 silly tarball no local data for npm-run-path@https://registry.npmjs.org/npm-run-path/-/npm-run-path-6.0.0.tgz. Extracting by manifest.
2103 silly tarball no local data for @sindresorhus/merge-streams@https://registry.npmjs.org/@sindresorhus/merge-streams/-/merge-streams-4.0.0.tgz. Extracting by manifest.
2104 silly tarball no local data for is-plain-obj@https://registry.npmjs.org/is-plain-obj/-/is-plain-obj-4.1.0.tgz. Extracting by manifest.
2105 silly tarball no local data for get-stream@https://registry.npmjs.org/get-stream/-/get-stream-9.0.1.tgz. Extracting by manifest.
2106 silly tarball no local data for @noble/hashes@https://registry.npmjs.org/@noble/hashes/-/hashes-1.8.0.tgz. Extracting by manifest.
2107 silly tarball no local data for human-signals@https://registry.npmjs.org/human-signals/-/human-signals-8.0.1.tgz. Extracting by manifest.
2108 silly tarball no local data for figures@https://registry.npmjs.org/figures/-/figures-6.1.0.tgz. Extracting by manifest.
2109 silly tarball no local data for @noble/ciphers@https://registry.npmjs.org/@noble/ciphers/-/ciphers-1.3.0.tgz. Extracting by manifest.
2110 silly tarball no local data for @ecies/ciphers@https://registry.npmjs.org/@ecies/ciphers/-/ciphers-0.2.6.tgz. Extracting by manifest.
2111 silly tarball no local data for @noble/curves@https://registry.npmjs.org/@noble/curves/-/curves-1.9.7.tgz. Extracting by manifest.
2112 silly tarball no local data for strip-ansi@https://registry.npmjs.org/strip-ansi/-/strip-ansi-6.0.1.tgz. Extracting by manifest.
2113 silly tarball no local data for ansi-colors@https://registry.npmjs.org/ansi-colors/-/ansi-colors-4.1.3.tgz. Extracting by manifest.
2114 silly tarball no local data for shebang-command@https://registry.npmjs.org/shebang-command/-/shebang-command-2.0.0.tgz. Extracting by manifest.
2115 silly tarball no local data for ms@https://registry.npmjs.org/ms/-/ms-2.1.3.tgz. Extracting by manifest.
2116 silly tarball no local data for path-key@https://registry.npmjs.org/path-key/-/path-key-3.1.1.tgz. Extracting by manifest.
2117 silly tarball no local data for parse-json@https://registry.npmjs.org/parse-json/-/parse-json-5.2.0.tgz. Extracting by manifest.
2118 silly tarball no local data for js-yaml@https://registry.npmjs.org/js-yaml/-/js-yaml-4.2.0.tgz. Extracting by manifest.
2119 silly tarball no local data for import-fresh@https://registry.npmjs.org/import-fresh/-/import-fresh-3.3.1.tgz. Extracting by manifest.
2120 silly tarball no local data for env-paths@https://registry.npmjs.org/env-paths/-/env-paths-2.2.1.tgz. Extracting by manifest.
2121 silly tarball no local data for vary@https://registry.npmjs.org/vary/-/vary-1.1.2.tgz. Extracting by manifest.
2122 silly tarball no local data for object-assign@https://registry.npmjs.org/object-assign/-/object-assign-4.1.1.tgz. Extracting by manifest.
2123 silly tarball no local data for node-releases@https://registry.npmjs.org/node-releases/-/node-releases-2.0.47.tgz. Extracting by manifest.
2124 silly tarball no local data for update-browserslist-db@https://registry.npmjs.org/update-browserslist-db/-/update-browserslist-db-1.2.3.tgz. Extracting by manifest.
2125 silly tarball no local data for electron-to-chromium@https://registry.npmjs.org/electron-to-chromium/-/electron-to-chromium-1.5.372.tgz. Extracting by manifest.
2126 silly tarball no local data for require-from-string@https://registry.npmjs.org/require-from-string/-/require-from-string-2.0.2.tgz. Extracting by manifest.
2127 silly tarball no local data for caniuse-lite@https://registry.npmjs.org/caniuse-lite/-/caniuse-lite-1.0.30001799.tgz. Extracting by manifest.
2128 silly tarball no local data for fast-deep-equal@https://registry.npmjs.org/fast-deep-equal/-/fast-deep-equal-3.1.3.tgz. Extracting by manifest.
2129 silly tarball no local data for json-schema-traverse@https://registry.npmjs.org/json-schema-traverse/-/json-schema-traverse-1.0.0.tgz. Extracting by manifest.
2130 silly tarball no local data for baseline-browser-mapping@https://registry.npmjs.org/baseline-browser-mapping/-/baseline-browser-mapping-2.10.37.tgz. Extracting by manifest.
2131 silly tarball no local data for fast-uri@https://registry.npmjs.org/fast-uri/-/fast-uri-3.1.2.tgz. Extracting by manifest.
2132 silly tarball no local data for raw-body@https://registry.npmjs.org/raw-body/-/raw-body-3.0.2.tgz. Extracting by manifest.
2133 silly tarball no local data for pkce-challenge@https://registry.npmjs.org/pkce-challenge/-/pkce-challenge-5.0.1.tgz. Extracting by manifest.
2134 silly tarball no local data for jose@https://registry.npmjs.org/jose/-/jose-6.2.3.tgz. Extracting by manifest.
2135 silly tarball no local data for json-schema-typed@https://registry.npmjs.org/json-schema-typed/-/json-schema-typed-8.0.2.tgz. Extracting by manifest.
2136 silly tarball no local data for express-rate-limit@https://registry.npmjs.org/express-rate-limit/-/express-rate-limit-8.5.2.tgz. Extracting by manifest.
2137 silly tarball no local data for express@https://registry.npmjs.org/express/-/express-5.2.1.tgz. Extracting by manifest.
2138 silly tarball no local data for eventsource@https://registry.npmjs.org/eventsource/-/eventsource-3.0.7.tgz. Extracting by manifest.
2139 silly tarball no local data for cross-spawn@https://registry.npmjs.org/cross-spawn/-/cross-spawn-7.0.6.tgz. Extracting by manifest.
2140 silly tarball no local data for eventsource-parser@https://registry.npmjs.org/eventsource-parser/-/eventsource-parser-3.1.0.tgz. Extracting by manifest.
2141 silly tarball no local data for ajv-formats@https://registry.npmjs.org/ajv-formats/-/ajv-formats-3.0.1.tgz. Extracting by manifest.
2142 silly tarball no local data for cors@https://registry.npmjs.org/cors/-/cors-2.8.6.tgz. Extracting by manifest.
2143 silly tarball no local data for @hono/node-server@https://registry.npmjs.org/@hono/node-server/-/node-server-1.19.14.tgz. Extracting by manifest.
2144 silly tarball no local data for ajv@https://registry.npmjs.org/ajv/-/ajv-8.20.0.tgz. Extracting by manifest.
2145 silly tarball no local data for @jridgewell/resolve-uri@https://registry.npmjs.org/@jridgewell/resolve-uri/-/resolve-uri-3.1.2.tgz. Extracting by manifest.
2146 silly tarball no local data for @jridgewell/sourcemap-codec@https://registry.npmjs.org/@jridgewell/sourcemap-codec/-/sourcemap-codec-1.5.5.tgz. Extracting by manifest.
2147 silly tarball no local data for hono@https://registry.npmjs.org/hono/-/hono-4.12.25.tgz. Extracting by manifest.
2148 silly tarball no local data for content-type@https://registry.npmjs.org/content-type/-/content-type-1.0.5.tgz. Extracting by manifest.
2149 silly tarball no local data for yocto-spinner@https://registry.npmjs.org/yocto-spinner/-/yocto-spinner-1.2.0.tgz. Extracting by manifest.
2150 silly tarball no local data for which@https://registry.npmjs.org/which/-/which-4.0.0.tgz. Extracting by manifest.
2151 silly tarball no local data for picomatch@https://registry.npmjs.org/picomatch/-/picomatch-4.0.4.tgz. Extracting by manifest.
2152 silly tarball no local data for object-treeify@https://registry.npmjs.org/object-treeify/-/object-treeify-1.1.33.tgz. Extracting by manifest.
2153 silly tarball no local data for ignore@https://registry.npmjs.org/ignore/-/ignore-5.3.2.tgz. Extracting by manifest.
2154 silly tarball no local data for @babel/helper-string-parser@https://registry.npmjs.org/@babel/helper-string-parser/-/helper-string-parser-7.29.7.tgz. Extracting by manifest.
2155 silly tarball no local data for @babel/helper-globals@https://registry.npmjs.org/@babel/helper-globals/-/helper-globals-7.29.7.tgz. Extracting by manifest.
2156 silly tarball no local data for enquirer@https://registry.npmjs.org/enquirer/-/enquirer-2.4.1.tgz. Extracting by manifest.
2157 silly tarball no local data for eciesjs@https://registry.npmjs.org/eciesjs/-/eciesjs-0.4.18.tgz. Extracting by manifest.
2158 silly tarball no local data for @babel/plugin-transform-modules-commonjs@https://registry.npmjs.org/@babel/plugin-transform-modules-commonjs/-/plugin-transform-modules-commonjs-7.29.7.tgz. Extracting by manifest.
2159 silly tarball no local data for fdir@https://registry.npmjs.org/fdir/-/fdir-6.5.0.tgz. Extracting by manifest.
2160 silly tarball no local data for @babel/plugin-syntax-jsx@https://registry.npmjs.org/@babel/plugin-syntax-jsx/-/plugin-syntax-jsx-7.29.7.tgz. Extracting by manifest.
2161 silly tarball no local data for dotenv@https://registry.npmjs.org/dotenv/-/dotenv-17.4.2.tgz. Extracting by manifest.
2162 silly tarball no local data for @babel/helper-replace-supers@https://registry.npmjs.org/@babel/helper-replace-supers/-/helper-replace-supers-7.29.7.tgz. Extracting by manifest.
2163 silly tarball no local data for @babel/helper-optimise-call-expression@https://registry.npmjs.org/@babel/helper-optimise-call-expression/-/helper-optimise-call-expression-7.29.7.tgz. Extracting by manifest.
2164 silly tarball no local data for @babel/helper-member-expression-to-functions@https://registry.npmjs.org/@babel/helper-member-expression-to-functions/-/helper-member-expression-to-functions-7.29.7.tgz. Extracting by manifest.
2165 silly tarball no local data for @babel/plugin-syntax-typescript@https://registry.npmjs.org/@babel/plugin-syntax-typescript/-/plugin-syntax-typescript-7.29.7.tgz. Extracting by manifest.
2166 silly tarball no local data for @babel/helper-plugin-utils@https://registry.npmjs.org/@babel/helper-plugin-utils/-/helper-plugin-utils-7.29.7.tgz. Extracting by manifest.
2167 silly tarball no local data for @babel/helper-annotate-as-pure@https://registry.npmjs.org/@babel/helper-annotate-as-pure/-/helper-annotate-as-pure-7.29.7.tgz. Extracting by manifest.
2168 silly tarball no local data for lru-cache@https://registry.npmjs.org/lru-cache/-/lru-cache-5.1.1.tgz. Extracting by manifest.
2169 silly tarball no local data for @babel/helper-create-class-features-plugin@https://registry.npmjs.org/@babel/helper-create-class-features-plugin/-/helper-create-class-features-plugin-7.29.7.tgz. Extracting by manifest.
2170 silly tarball no local data for @babel/helper-skip-transparent-expression-wrappers@https://registry.npmjs.org/@babel/helper-skip-transparent-expression-wrappers/-/helper-skip-transparent-expression-wrappers-7.29.7.tgz. Extracting by manifest.
2171 silly tarball no local data for @babel/compat-data@https://registry.npmjs.org/@babel/compat-data/-/compat-data-7.29.7.tgz. Extracting by manifest.
2172 silly tarball no local data for jsesc@https://registry.npmjs.org/jsesc/-/jsesc-3.1.0.tgz. Extracting by manifest.
2173 silly tarball no local data for @babel/helper-validator-option@https://registry.npmjs.org/@babel/helper-validator-option/-/helper-validator-option-7.29.7.tgz. Extracting by manifest.
2174 silly tarball no local data for @jridgewell/trace-mapping@https://registry.npmjs.org/@jridgewell/trace-mapping/-/trace-mapping-0.3.31.tgz. Extracting by manifest.
2175 silly tarball no local data for @jridgewell/gen-mapping@https://registry.npmjs.org/@jridgewell/gen-mapping/-/gen-mapping-0.3.13.tgz. Extracting by manifest.
2176 silly tarball no local data for picocolors@https://registry.npmjs.org/picocolors/-/picocolors-1.1.1.tgz. Extracting by manifest.
2177 silly tarball no local data for json5@https://registry.npmjs.org/json5/-/json5-2.2.3.tgz. Extracting by manifest.
2178 silly tarball no local data for @babel/helper-validator-identifier@https://registry.npmjs.org/@babel/helper-validator-identifier/-/helper-validator-identifier-7.29.7.tgz. Extracting by manifest.
2179 silly tarball no local data for semver@https://registry.npmjs.org/semver/-/semver-6.3.1.tgz. Extracting by manifest.
2180 silly tarball no local data for @babel/helper-module-imports@https://registry.npmjs.org/@babel/helper-module-imports/-/helper-module-imports-7.29.7.tgz. Extracting by manifest.
2181 silly tarball no local data for @jridgewell/remapping@https://registry.npmjs.org/@jridgewell/remapping/-/remapping-2.3.5.tgz. Extracting by manifest.
2182 silly tarball no local data for gensync@https://registry.npmjs.org/gensync/-/gensync-1.0.0-beta.2.tgz. Extracting by manifest.
2183 silly tarball no local data for @babel/types@https://registry.npmjs.org/@babel/types/-/types-7.29.7.tgz. Extracting by manifest.
2184 silly tarball no local data for js-tokens@https://registry.npmjs.org/js-tokens/-/js-tokens-4.0.0.tgz. Extracting by manifest.
2185 silly tarball no local data for convert-source-map@https://registry.npmjs.org/convert-source-map/-/convert-source-map-2.0.0.tgz. Extracting by manifest.
2186 silly tarball no local data for @babel/traverse@https://registry.npmjs.org/@babel/traverse/-/traverse-7.29.7.tgz. Extracting by manifest.
2187 silly tarball no local data for @babel/helpers@https://registry.npmjs.org/@babel/helpers/-/helpers-7.29.7.tgz. Extracting by manifest.
2188 silly tarball no local data for @babel/template@https://registry.npmjs.org/@babel/template/-/template-7.29.7.tgz. Extracting by manifest.
2189 silly tarball no local data for @babel/generator@https://registry.npmjs.org/@babel/generator/-/generator-7.29.7.tgz. Extracting by manifest.
2190 silly tarball no local data for @babel/helper-module-transforms@https://registry.npmjs.org/@babel/helper-module-transforms/-/helper-module-transforms-7.29.7.tgz. Extracting by manifest.
2191 silly tarball no local data for debug@https://registry.npmjs.org/debug/-/debug-4.4.3.tgz. Extracting by manifest.
2192 silly tarball no local data for @babel/code-frame@https://registry.npmjs.org/@babel/code-frame/-/code-frame-7.29.7.tgz. Extracting by manifest.
2193 silly tarball no local data for @babel/helper-compilation-targets@https://registry.npmjs.org/@babel/helper-compilation-targets/-/helper-compilation-targets-7.29.7.tgz. Extracting by manifest.
2194 silly tarball no local data for zod-to-json-schema@https://registry.npmjs.org/zod-to-json-schema/-/zod-to-json-schema-3.25.2.tgz. Extracting by manifest.
2195 silly tarball no local data for tsconfig-paths@https://registry.npmjs.org/tsconfig-paths/-/tsconfig-paths-4.2.0.tgz. Extracting by manifest.
2196 silly tarball no local data for zod@https://registry.npmjs.org/zod/-/zod-3.25.76.tgz. Extracting by manifest.
2197 silly tarball no local data for validate-npm-package-name@https://registry.npmjs.org/validate-npm-package-name/-/validate-npm-package-name-7.0.2.tgz. Extracting by manifest.
2198 silly tarball no local data for tailwind-merge@https://registry.npmjs.org/tailwind-merge/-/tailwind-merge-3.6.0.tgz. Extracting by manifest.
2199 silly tarball no local data for ts-morph@https://registry.npmjs.org/ts-morph/-/ts-morph-26.0.0.tgz. Extracting by manifest.
2200 silly tarball no local data for stringify-object@https://registry.npmjs.org/stringify-object/-/stringify-object-5.0.0.tgz. Extracting by manifest.
2201 silly tarball no local data for prompts@https://registry.npmjs.org/prompts/-/prompts-2.4.2.tgz. Extracting by manifest.
2202 silly tarball no local data for open@https://registry.npmjs.org/open/-/open-11.0.0.tgz. Extracting by manifest.
2203 silly tarball no local data for recast@https://registry.npmjs.org/recast/-/recast-0.23.11.tgz. Extracting by manifest.
2204 silly tarball no local data for postcss@https://registry.npmjs.org/postcss/-/postcss-8.5.15.tgz. Extracting by manifest.
2205 silly tarball no local data for ora@https://registry.npmjs.org/ora/-/ora-8.2.0.tgz. Extracting by manifest.
2206 silly tarball no local data for postcss-selector-parser@https://registry.npmjs.org/postcss-selector-parser/-/postcss-selector-parser-7.1.4.tgz. Extracting by manifest.
2207 silly tarball no local data for kleur@https://registry.npmjs.org/kleur/-/kleur-4.1.5.tgz. Extracting by manifest.
2208 silly tarball no local data for fuzzysort@https://registry.npmjs.org/fuzzysort/-/fuzzysort-3.1.0.tgz. Extracting by manifest.
2209 silly tarball no local data for https-proxy-agent@https://registry.npmjs.org/https-proxy-agent/-/https-proxy-agent-7.0.6.tgz. Extracting by manifest.
2210 silly tarball no local data for node-fetch@https://registry.npmjs.org/node-fetch/-/node-fetch-3.3.2.tgz. Extracting by manifest.
2211 silly tarball no local data for fast-glob@https://registry.npmjs.org/fast-glob/-/fast-glob-3.3.3.tgz. Extracting by manifest.
2212 silly tarball no local data for diff@https://registry.npmjs.org/diff/-/diff-8.0.4.tgz. Extracting by manifest.
2213 silly tarball no local data for execa@https://registry.npmjs.org/execa/-/execa-9.6.1.tgz. Extracting by manifest.
2214 silly tarball no local data for fs-extra@https://registry.npmjs.org/fs-extra/-/fs-extra-11.3.5.tgz. Extracting by manifest.
2215 silly tarball no local data for deepmerge@https://registry.npmjs.org/deepmerge/-/deepmerge-4.3.1.tgz. Extracting by manifest.
2216 silly tarball no local data for dedent@https://registry.npmjs.org/dedent/-/dedent-1.7.2.tgz. Extracting by manifest.
2217 silly tarball no local data for cosmiconfig@https://registry.npmjs.org/cosmiconfig/-/cosmiconfig-9.0.2.tgz. Extracting by manifest.
2218 silly tarball no local data for @modelcontextprotocol/sdk@https://registry.npmjs.org/@modelcontextprotocol/sdk/-/sdk-1.29.0.tgz. Extracting by manifest.
2219 silly tarball no local data for commander@https://registry.npmjs.org/commander/-/commander-14.0.3.tgz. Extracting by manifest.
2220 silly tarball no local data for @types/validate-npm-package-name@https://registry.npmjs.org/@types/validate-npm-package-name/-/validate-npm-package-name-4.0.2.tgz. Extracting by manifest.
2221 silly tarball no local data for browserslist@https://registry.npmjs.org/browserslist/-/browserslist-4.28.2.tgz. Extracting by manifest.
2222 silly tarball no local data for @dotenvx/dotenvx@https://registry.npmjs.org/@dotenvx/dotenvx/-/dotenvx-1.71.3.tgz. Extracting by manifest.
2223 silly tarball no local data for @babel/plugin-transform-typescript@https://registry.npmjs.org/@babel/plugin-transform-typescript/-/plugin-transform-typescript-7.29.7.tgz. Extracting by manifest.
2224 silly tarball no local data for @babel/parser@https://registry.npmjs.org/@babel/parser/-/parser-7.29.7.tgz. Extracting by manifest.
2225 silly tarball no local data for shadcn@https://registry.npmjs.org/shadcn/-/shadcn-4.11.0.tgz. Extracting by manifest.
2226 silly tarball no local data for picomatch@https://registry.npmjs.org/picomatch/-/picomatch-2.3.2.tgz. Extracting by manifest.
2227 silly tarball no local data for ansi-regex@https://registry.npmjs.org/ansi-regex/-/ansi-regex-6.2.2.tgz. Extracting by manifest.
2228 silly tarball no local data for strip-ansi@https://registry.npmjs.org/strip-ansi/-/strip-ansi-7.2.0.tgz. Extracting by manifest.
2229 silly tarball no local data for content-type@https://registry.npmjs.org/content-type/-/content-type-2.0.0.tgz. Extracting by manifest.
2230 silly tarball no local data for @babel/core@https://registry.npmjs.org/@babel/core/-/core-7.29.7.tgz. Extracting by manifest.
2231 silly tarball no local data for isexe@https://registry.npmjs.org/isexe/-/isexe-2.0.0.tgz. Extracting by manifest.
2232 silly tarball no local data for path-key@https://registry.npmjs.org/path-key/-/path-key-4.0.0.tgz. Extracting by manifest.
2233 silly tarball no local data for @babel/preset-typescript@https://registry.npmjs.org/@babel/preset-typescript/-/preset-typescript-7.29.7.tgz. Extracting by manifest.
2234 silly tarball no local data for which@https://registry.npmjs.org/which/-/which-2.0.2.tgz. Extracting by manifest.
2235 silly tarball no local data for is-unicode-supported@https://registry.npmjs.org/is-unicode-supported/-/is-unicode-supported-1.3.0.tgz. Extracting by manifest.
2236 silly tarball no local data for ansi-regex@https://registry.npmjs.org/ansi-regex/-/ansi-regex-6.2.2.tgz. Extracting by manifest.
2237 silly tarball no local data for strip-ansi@https://registry.npmjs.org/strip-ansi/-/strip-ansi-7.2.0.tgz. Extracting by manifest.
2238 silly tarball no local data for kleur@https://registry.npmjs.org/kleur/-/kleur-3.0.3.tgz. Extracting by manifest.
2239 silly tarball no local data for npm-run-path@https://registry.npmjs.org/npm-run-path/-/npm-run-path-4.0.1.tgz. Extracting by manifest.
2240 silly tarball no local data for strip-final-newline@https://registry.npmjs.org/strip-final-newline/-/strip-final-newline-2.0.0.tgz. Extracting by manifest.
2241 silly tarball no local data for signal-exit@https://registry.npmjs.org/signal-exit/-/signal-exit-3.0.7.tgz. Extracting by manifest.
2242 silly tarball no local data for onetime@https://registry.npmjs.org/onetime/-/onetime-5.1.2.tgz. Extracting by manifest.
2243 silly tarball no local data for is-stream@https://registry.npmjs.org/is-stream/-/is-stream-2.0.1.tgz. Extracting by manifest.
2244 silly tarball no local data for get-stream@https://registry.npmjs.org/get-stream/-/get-stream-6.0.1.tgz. Extracting by manifest.
2245 silly tarball no local data for human-signals@https://registry.npmjs.org/human-signals/-/human-signals-2.1.0.tgz. Extracting by manifest.
2246 silly tarball no local data for commander@https://registry.npmjs.org/commander/-/commander-11.1.0.tgz. Extracting by manifest.
2247 silly tarball no local data for execa@https://registry.npmjs.org/execa/-/execa-5.1.1.tgz. Extracting by manifest.
2248 http fetch POST 200 https://registry.npmjs.org/-/npm/v1/security/advisories/bulk 1876ms
2249 silly audit report {}
2250 http fetch GET 200 https://registry.npmjs.org/media-typer/-/media-typer-1.1.0.tgz 5627ms (cache miss)
2251 http fetch GET 200 https://registry.npmjs.org/is-wsl/-/is-wsl-3.1.1.tgz 5626ms (cache miss)
2252 http fetch GET 200 https://registry.npmjs.org/mimic-fn/-/mimic-fn-2.1.0.tgz 5644ms (cache miss)
2253 http fetch GET 200 https://registry.npmjs.org/balanced-match/-/balanced-match-4.0.4.tgz 5620ms (cache miss)
2254 http fetch GET 200 https://registry.npmjs.org/escalade/-/escalade-3.2.0.tgz 5642ms (cache miss)
2255 http fetch GET 200 https://registry.npmjs.org/merge-stream/-/merge-stream-2.0.0.tgz 5628ms (cache miss)
2256 http fetch GET 200 https://registry.npmjs.org/ansi-regex/-/ansi-regex-5.0.1.tgz 5645ms (cache miss)
2257 http fetch GET 200 https://registry.npmjs.org/is-number/-/is-number-7.0.0.tgz 5650ms (cache miss)
2258 http fetch GET 200 https://registry.npmjs.org/code-block-writer/-/code-block-writer-13.0.3.tgz 5666ms (cache miss)
2259 http fetch GET 200 https://registry.npmjs.org/hasown/-/hasown-2.0.4.tgz 5985ms (cache miss)
2260 http fetch GET 200 https://registry.npmjs.org/gopd/-/gopd-1.2.0.tgz 5986ms (cache miss)
2261 http fetch GET 200 https://registry.npmjs.org/emoji-regex/-/emoji-regex-10.6.0.tgz 5999ms (cache miss)
2262 http fetch GET 200 https://registry.npmjs.org/is-obj/-/is-obj-3.0.0.tgz 6016ms (cache miss)
2263 http fetch GET 200 https://registry.npmjs.org/has-symbols/-/has-symbols-1.1.0.tgz 6001ms (cache miss)
2264 http fetch GET 200 https://registry.npmjs.org/get-own-enumerable-keys/-/get-own-enumerable-keys-1.0.0.tgz 6045ms (cache miss)
2265 http fetch GET 200 https://registry.npmjs.org/brace-expansion/-/brace-expansion-5.0.6.tgz 6419ms (cache miss)
2266 http fetch GET 200 https://registry.npmjs.org/strip-bom/-/strip-bom-3.0.0.tgz 6427ms (cache miss)
2267 http fetch GET 200 https://registry.npmjs.org/isexe/-/isexe-3.1.5.tgz 6459ms (cache miss)
2268 http fetch GET 200 https://registry.npmjs.org/get-proto/-/get-proto-1.0.1.tgz 6446ms (cache miss)
2269 http fetch GET 200 https://registry.npmjs.org/math-intrinsics/-/math-intrinsics-1.1.0.tgz 6499ms (cache miss)
2270 http fetch GET 200 https://registry.npmjs.org/call-bind-apply-helpers/-/call-bind-apply-helpers-1.0.2.tgz 6534ms (cache miss)
2271 http fetch GET 200 https://registry.npmjs.org/dunder-proto/-/dunder-proto-1.0.1.tgz 6590ms (cache miss)
2272 http fetch GET 200 https://registry.npmjs.org/side-channel-weakmap/-/side-channel-weakmap-1.0.2.tgz 6611ms (cache miss)
2273 http fetch GET 200 https://registry.npmjs.org/side-channel-map/-/side-channel-map-1.0.1.tgz 6632ms (cache miss)
2274 http fetch GET 200 https://registry.npmjs.org/es-object-atoms/-/es-object-atoms-1.1.2.tgz 6647ms (cache miss)
2275 http fetch GET 200 https://registry.npmjs.org/is-regexp/-/is-regexp-3.1.0.tgz 7568ms (cache miss)
2276 http fetch GET 200 https://registry.npmjs.org/get-east-asian-width/-/get-east-asian-width-1.6.0.tgz 7573ms (cache miss)
2277 http fetch GET 200 https://registry.npmjs.org/path-to-regexp/-/path-to-regexp-8.4.2.tgz 7555ms (cache miss)
2278 http fetch GET 200 https://registry.npmjs.org/es-define-property/-/es-define-property-1.0.1.tgz 7570ms (cache miss)
2279 http fetch GET 200 https://registry.npmjs.org/side-channel-list/-/side-channel-list-1.0.1.tgz 7568ms (cache miss)
2280 http fetch GET 200 https://registry.npmjs.org/is-promise/-/is-promise-4.0.0.tgz 7587ms (cache miss)
2281 http fetch GET 200 https://registry.npmjs.org/shebang-regex/-/shebang-regex-3.0.0.tgz 7647ms (cache miss)
2282 http fetch GET 200 https://registry.npmjs.org/onetime/-/onetime-7.0.0.tgz 7673ms (cache miss)
2283 http fetch GET 200 https://registry.npmjs.org/mimic-function/-/mimic-function-5.0.1.tgz 8177ms (cache miss)
2284 http fetch GET 200 https://registry.npmjs.org/get-intrinsic/-/get-intrinsic-1.3.0.tgz 8193ms (cache miss)
2285 http fetch GET 200 https://registry.npmjs.org/tiny-invariant/-/tiny-invariant-1.3.3.tgz 8180ms (cache miss)
2286 http fetch GET 200 https://registry.npmjs.org/function-bind/-/function-bind-1.1.2.tgz 8213ms (cache miss)
2287 http fetch GET 200 https://registry.npmjs.org/forwarded/-/forwarded-0.2.0.tgz 8180ms (cache miss)
2288 http fetch GET 200 https://registry.npmjs.org/side-channel/-/side-channel-1.1.1.tgz 8191ms (cache miss)
2289 http fetch GET 200 https://registry.npmjs.org/unpipe/-/unpipe-1.0.0.tgz 8197ms (cache miss)
2290 http fetch GET 200 https://registry.npmjs.org/is-arrayish/-/is-arrayish-0.2.1.tgz 8932ms (cache miss)
2291 http fetch GET 200 https://registry.npmjs.org/nanoid/-/nanoid-3.3.12.tgz 8938ms (cache miss)
2292 http fetch GET 200 https://registry.npmjs.org/util-deprecate/-/util-deprecate-1.0.2.tgz 8982ms (cache miss)
2293 http fetch GET 200 https://registry.npmjs.org/queue-microtask/-/queue-microtask-1.2.3.tgz 9094ms (cache miss)
2294 http fetch GET 200 https://registry.npmjs.org/error-ex/-/error-ex-1.3.4.tgz 9312ms (cache miss)
2295 http fetch GET 200 https://registry.npmjs.org/restore-cursor/-/restore-cursor-5.1.0.tgz 9305ms (cache miss)
2296 http fetch GET 200 https://registry.npmjs.org/string-width/-/string-width-7.2.0.tgz 9314ms (cache miss)
2297 http fetch GET 200 https://registry.npmjs.org/log-symbols/-/log-symbols-6.0.0.tgz 9312ms (cache miss)
2298 http fetch GET 200 https://registry.npmjs.org/stdin-discarder/-/stdin-discarder-0.2.2.tgz 9310ms (cache miss)
2299 http fetch GET 200 https://registry.npmjs.org/lines-and-columns/-/lines-and-columns-1.2.4.tgz 9324ms (cache miss)
2300 http fetch GET 200 https://registry.npmjs.org/callsites/-/callsites-3.1.0.tgz 9335ms (cache miss)
2301 http fetch GET 200 https://registry.npmjs.org/sisteransi/-/sisteransi-1.0.5.tgz 9705ms (cache miss)
2302 http fetch GET 200 https://registry.npmjs.org/cssesc/-/cssesc-3.0.0.tgz 9747ms (cache miss)
2303 http fetch GET 200 https://registry.npmjs.org/parse-ms/-/parse-ms-4.0.0.tgz 9762ms (cache miss)
2304 http fetch GET 200 https://registry.npmjs.org/is-interactive/-/is-interactive-2.0.0.tgz 9760ms (cache miss)
2305 http fetch GET 200 https://registry.npmjs.org/is-docker/-/is-docker-3.0.0.tgz 9759ms (cache miss)
2306 http fetch GET 200 https://registry.npmjs.org/cli-spinners/-/cli-spinners-2.9.2.tgz 9778ms (cache miss)
2307 http fetch GET 200 https://registry.npmjs.org/default-browser-id/-/default-browser-id-5.0.1.tgz 9783ms (cache miss)
2308 http fetch GET 200 https://registry.npmjs.org/to-regex-range/-/to-regex-range-5.0.1.tgz 9776ms (cache miss)
2309 http fetch GET 200 https://registry.npmjs.org/wsl-utils/-/wsl-utils-0.3.1.tgz 9811ms (cache miss)
2310 http fetch GET 200 https://registry.npmjs.org/bundle-name/-/bundle-name-4.1.0.tgz 9835ms (cache miss)
2311 http fetch GET 200 https://registry.npmjs.org/is-inside-container/-/is-inside-container-1.0.0.tgz 9873ms (cache miss)
2312 http fetch GET 200 https://registry.npmjs.org/json-parse-even-better-errors/-/json-parse-even-better-errors-2.3.1.tgz 10620ms (cache miss)
2313 http fetch GET 200 https://registry.npmjs.org/formdata-polyfill/-/formdata-polyfill-4.0.10.tgz 10589ms (cache miss)
2314 http fetch GET 200 https://registry.npmjs.org/node-domexception/-/node-domexception-1.0.0.tgz 10590ms (cache miss)
2315 http fetch GET 200 https://registry.npmjs.org/default-browser/-/default-browser-5.5.0.tgz 10602ms (cache miss)
2316 http fetch GET 200 https://registry.npmjs.org/wrappy/-/wrappy-1.0.2.tgz 10625ms (cache miss)
2317 http fetch GET 200 https://registry.npmjs.org/run-applescript/-/run-applescript-7.1.0.tgz 11009ms (cache miss)
2318 http fetch GET 200 https://registry.npmjs.org/chalk/-/chalk-5.6.2.tgz 11015ms (cache miss)
2319 http fetch GET 200 https://registry.npmjs.org/powershell-utils/-/powershell-utils-0.1.0.tgz 11015ms (cache miss)
2320 http fetch GET 200 https://registry.npmjs.org/unicorn-magic/-/unicorn-magic-0.3.0.tgz 11007ms (cache miss)
2321 http fetch GET 200 https://registry.npmjs.org/yallist/-/yallist-3.1.1.tgz 11026ms (cache miss)
2322 http fetch GET 200 https://registry.npmjs.org/resolve-from/-/resolve-from-4.0.0.tgz 11021ms (cache miss)
2323 http fetch GET 200 https://registry.npmjs.org/is-extglob/-/is-extglob-2.1.1.tgz 11026ms (cache miss)
2324 http fetch GET 200 https://registry.npmjs.org/parent-module/-/parent-module-1.0.1.tgz 11034ms (cache miss)
2325 http fetch GET 200 https://registry.npmjs.org/toidentifier/-/toidentifier-1.0.1.tgz 11119ms (cache miss)
2326 http fetch GET 200 https://registry.npmjs.org/safer-buffer/-/safer-buffer-2.1.2.tgz 11212ms (cache miss)
2327 http fetch GET 200 https://registry.npmjs.org/is-in-ssh/-/is-in-ssh-1.0.0.tgz 12278ms (cache miss)
2328 http fetch GET 200 https://registry.npmjs.org/ee-first/-/ee-first-1.1.1.tgz 12285ms (cache miss)
2329 http fetch GET 200 https://registry.npmjs.org/fill-range/-/fill-range-7.1.1.tgz 12274ms (cache miss)
2330 http fetch GET 200 https://registry.npmjs.org/data-uri-to-buffer/-/data-uri-to-buffer-4.0.1.tgz 12279ms (cache miss)
2331 http fetch GET 200 https://registry.npmjs.org/fetch-blob/-/fetch-blob-3.2.0.tgz 12283ms (cache miss)
2332 http fetch GET 200 https://registry.npmjs.org/is-glob/-/is-glob-4.0.3.tgz 12278ms (cache miss)
2333 http fetch GET 200 https://registry.npmjs.org/graceful-fs/-/graceful-fs-4.2.11.tgz 12274ms (cache miss)
2334 http fetch GET 200 https://registry.npmjs.org/@sec-ant/readable-stream/-/readable-stream-0.4.1.tgz 12288ms (cache miss)
2335 http fetch GET 200 https://registry.npmjs.org/jsonfile/-/jsonfile-6.2.1.tgz 12282ms (cache miss)
2336 http fetch GET 200 https://registry.npmjs.org/is-unicode-supported/-/is-unicode-supported-2.1.0.tgz 12278ms (cache miss)
2337 http fetch GET 200 https://registry.npmjs.org/define-lazy-prop/-/define-lazy-prop-3.0.0.tgz 12331ms (cache miss)
2338 http fetch GET 200 https://registry.npmjs.org/@nodelib/fs.scandir/-/fs.scandir-2.1.5.tgz 12325ms (cache miss)
2339 http fetch GET 200 https://registry.npmjs.org/reusify/-/reusify-1.1.0.tgz 12326ms (cache miss)
2340 http fetch GET 200 https://registry.npmjs.org/setprototypeof/-/setprototypeof-1.2.0.tgz 12338ms (cache miss)
2341 http fetch GET 200 https://registry.npmjs.org/cli-cursor/-/cli-cursor-5.0.0.tgz 12857ms (cache miss)
2342 http fetch GET 200 https://registry.npmjs.org/agent-base/-/agent-base-7.1.4.tgz 12864ms (cache miss)
2343 http fetch GET 200 https://registry.npmjs.org/@nodelib/fs.walk/-/fs.walk-1.2.8.tgz 12848ms (cache miss)
2344 http fetch GET 200 https://registry.npmjs.org/@nodelib/fs.stat/-/fs.stat-2.0.5.tgz 12849ms (cache miss)
2345 http fetch GET 200 https://registry.npmjs.org/fastq/-/fastq-1.20.1.tgz 12858ms (cache miss)
2346 http fetch GET 200 https://registry.npmjs.org/bytes/-/bytes-3.1.2.tgz 12875ms (cache miss)
2347 http fetch GET 200 https://registry.npmjs.org/glob-parent/-/glob-parent-5.1.2.tgz 12903ms (cache miss)
2348 http fetch GET 200 https://registry.npmjs.org/type-is/-/type-is-2.1.0.tgz 12973ms (cache miss)
2349 http fetch GET 200 https://registry.npmjs.org/universalify/-/universalify-2.0.1.tgz 13965ms (cache miss)
2350 http fetch GET 200 https://registry.npmjs.org/inherits/-/inherits-2.0.4.tgz 13986ms (cache miss)
2351 http fetch GET 200 https://registry.npmjs.org/run-parallel/-/run-parallel-1.2.0.tgz 13976ms (cache miss)
2352 http fetch GET 200 https://registry.npmjs.org/statuses/-/statuses-2.0.2.tgz 13969ms (cache miss)
2353 http fetch GET 200 https://registry.npmjs.org/negotiator/-/negotiator-1.0.0.tgz 13973ms (cache miss)
2354 http fetch GET 200 https://registry.npmjs.org/serve-static/-/serve-static-2.2.1.tgz 13972ms (cache miss)
2355 http fetch GET 200 https://registry.npmjs.org/parseurl/-/parseurl-1.3.3.tgz 13969ms (cache miss)
2356 http fetch GET 200 https://registry.npmjs.org/on-finished/-/on-finished-2.4.1.tgz 13974ms (cache miss)
2357 http fetch GET 200 https://registry.npmjs.org/escape-html/-/escape-html-1.0.3.tgz 13948ms (cache miss)
2358 http fetch GET 200 https://registry.npmjs.org/range-parser/-/range-parser-1.2.1.tgz 13989ms (cache miss)
2359 http fetch GET 200 https://registry.npmjs.org/merge2/-/merge2-1.4.1.tgz 14496ms (cache miss)
2360 http fetch GET 200 https://registry.npmjs.org/http-errors/-/http-errors-2.0.1.tgz 14501ms (cache miss)
2361 http fetch GET 200 https://registry.npmjs.org/etag/-/etag-1.8.1.tgz 14509ms (cache miss)
2362 http fetch GET 200 https://registry.npmjs.org/micromatch/-/micromatch-4.0.8.tgz 14560ms (cache miss)
2363 http fetch GET 200 https://registry.npmjs.org/depd/-/depd-2.0.0.tgz 14515ms (cache miss)
2364 http fetch GET 200 https://registry.npmjs.org/encodeurl/-/encodeurl-2.0.0.tgz 14536ms (cache miss)
2365 http fetch GET 200 https://registry.npmjs.org/merge-descriptors/-/merge-descriptors-2.0.0.tgz 14558ms (cache miss)
2366 http fetch GET 200 https://registry.npmjs.org/once/-/once-1.4.0.tgz 14789ms (cache miss)
2367 http fetch GET 200 https://registry.npmjs.org/mime-types/-/mime-types-3.0.2.tgz 14806ms (cache miss)
2368 http fetch GET 200 https://registry.npmjs.org/finalhandler/-/finalhandler-2.1.1.tgz 14813ms (cache miss)
2369 http fetch GET 200 https://registry.npmjs.org/router/-/router-2.2.0.tgz 15109ms (cache miss)
2370 http fetch GET 200 https://registry.npmjs.org/send/-/send-1.2.1.tgz 15109ms (cache miss)
2371 http fetch GET 200 https://registry.npmjs.org/proxy-addr/-/proxy-addr-2.0.7.tgz 15112ms (cache miss)
2372 http fetch GET 200 https://registry.npmjs.org/is-stream/-/is-stream-4.0.1.tgz 15058ms (cache miss)
2373 http fetch GET 200 https://registry.npmjs.org/strip-final-newline/-/strip-final-newline-4.0.0.tgz 15064ms (cache miss)
2374 http fetch GET 200 https://registry.npmjs.org/accepts/-/accepts-2.0.0.tgz 15064ms (cache miss)
2375 http fetch GET 200 https://registry.npmjs.org/content-disposition/-/content-disposition-1.1.0.tgz 15098ms (cache miss)
2376 http fetch GET 200 https://registry.npmjs.org/cookie/-/cookie-0.7.2.tgz 15117ms (cache miss)
2377 http fetch GET 200 https://registry.npmjs.org/yoctocolors/-/yoctocolors-2.1.2.tgz 15120ms (cache miss)
2378 http fetch GET 200 https://registry.npmjs.org/fresh/-/fresh-2.0.0.tgz 15370ms (cache miss)
2379 http fetch GET 200 https://registry.npmjs.org/pretty-ms/-/pretty-ms-9.3.0.tgz 15350ms (cache miss)
2380 http fetch GET 200 https://registry.npmjs.org/is-plain-obj/-/is-plain-obj-4.1.0.tgz 15340ms (cache miss)
2381 http fetch GET 200 https://registry.npmjs.org/@sindresorhus/merge-streams/-/merge-streams-4.0.0.tgz 15344ms (cache miss)
2382 http fetch GET 200 https://registry.npmjs.org/human-signals/-/human-signals-8.0.1.tgz 15344ms (cache miss)
2383 http fetch GET 200 https://registry.npmjs.org/ipaddr.js/-/ipaddr.js-1.9.1.tgz 15654ms (cache miss)
2384 http fetch GET 200 https://registry.npmjs.org/cookie-signature/-/cookie-signature-1.2.2.tgz 15515ms (cache miss)
2385 http fetch GET 200 https://registry.npmjs.org/ansi-colors/-/ansi-colors-4.1.3.tgz 15481ms (cache miss)
2386 http fetch GET 200 https://registry.npmjs.org/strip-ansi/-/strip-ansi-6.0.1.tgz 15484ms (cache miss)
2387 http fetch GET 200 https://registry.npmjs.org/path-key/-/path-key-3.1.1.tgz 15479ms (cache miss)
2388 http fetch GET 200 https://registry.npmjs.org/shebang-command/-/shebang-command-2.0.0.tgz 15482ms (cache miss)
2389 http fetch GET 200 https://registry.npmjs.org/@ecies/ciphers/-/ciphers-0.2.6.tgz 15504ms (cache miss)
2390 http fetch GET 200 https://registry.npmjs.org/npm-run-path/-/npm-run-path-6.0.0.tgz 15648ms (cache miss)
2391 http fetch GET 200 https://registry.npmjs.org/get-stream/-/get-stream-9.0.1.tgz 15642ms (cache miss)
2392 http fetch GET 200 https://registry.npmjs.org/import-fresh/-/import-fresh-3.3.1.tgz 15615ms (cache miss)
2393 http fetch GET 200 https://registry.npmjs.org/env-paths/-/env-paths-2.2.1.tgz 15614ms (cache miss)
2394 http fetch GET 200 https://registry.npmjs.org/node-releases/-/node-releases-2.0.47.tgz 15612ms (cache miss)
2395 http fetch GET 200 https://registry.npmjs.org/vary/-/vary-1.1.2.tgz 15620ms (cache miss)
2396 http fetch GET 200 https://registry.npmjs.org/fast-deep-equal/-/fast-deep-equal-3.1.3.tgz 15619ms (cache miss)
2397 http fetch GET 200 https://registry.npmjs.org/update-browserslist-db/-/update-browserslist-db-1.2.3.tgz 15675ms (cache miss)
2398 http fetch GET 200 https://registry.npmjs.org/parse-json/-/parse-json-5.2.0.tgz 16418ms (cache miss)
2399 http fetch GET 200 https://registry.npmjs.org/ms/-/ms-2.1.3.tgz 16428ms (cache miss)
2400 http fetch GET 200 https://registry.npmjs.org/pkce-challenge/-/pkce-challenge-5.0.1.tgz 16372ms (cache miss)
2401 http fetch GET 200 https://registry.npmjs.org/raw-body/-/raw-body-3.0.2.tgz 16380ms (cache miss)
2402 http fetch GET 200 https://registry.npmjs.org/require-from-string/-/require-from-string-2.0.2.tgz 16577ms (cache miss)
2403 http fetch GET 200 https://registry.npmjs.org/object-assign/-/object-assign-4.1.1.tgz 16585ms (cache miss)
2404 http fetch GET 200 https://registry.npmjs.org/@jridgewell/resolve-uri/-/resolve-uri-3.1.2.tgz 16479ms (cache miss)
2405 http fetch GET 200 https://registry.npmjs.org/content-type/-/content-type-1.0.5.tgz 16482ms (cache miss)
2406 http fetch GET 200 https://registry.npmjs.org/json-schema-traverse/-/json-schema-traverse-1.0.0.tgz 16650ms (cache miss)
2407 http fetch GET 200 https://registry.npmjs.org/figures/-/figures-6.1.0.tgz 16691ms (cache miss)
2408 http fetch GET 200 https://registry.npmjs.org/yocto-spinner/-/yocto-spinner-1.2.0.tgz 16565ms (cache miss)
2409 http fetch GET 200 https://registry.npmjs.org/which/-/which-4.0.0.tgz 16568ms (cache miss)
2410 http fetch GET 200 https://registry.npmjs.org/@babel/helper-globals/-/helper-globals-7.29.7.tgz 16568ms (cache miss)
2411 http fetch GET 200 https://registry.npmjs.org/object-treeify/-/object-treeify-1.1.33.tgz 16575ms (cache miss)
2412 http fetch GET 200 https://registry.npmjs.org/fdir/-/fdir-6.5.0.tgz 16573ms (cache miss)
2413 http fetch GET 200 https://registry.npmjs.org/eciesjs/-/eciesjs-0.4.18.tgz 16689ms (cache miss)
2414 http fetch GET 200 https://registry.npmjs.org/cors/-/cors-2.8.6.tgz 16711ms (cache miss)
2415 http fetch GET 200 https://registry.npmjs.org/@babel/plugin-syntax-typescript/-/plugin-syntax-typescript-7.29.7.tgz 16701ms (cache miss)
2416 http fetch GET 200 https://registry.npmjs.org/@babel/helper-plugin-utils/-/helper-plugin-utils-7.29.7.tgz 16712ms (cache miss)
2417 http fetch GET 200 https://registry.npmjs.org/@babel/plugin-syntax-jsx/-/plugin-syntax-jsx-7.29.7.tgz 16724ms (cache miss)
2418 http fetch GET 200 https://registry.npmjs.org/@babel/helper-optimise-call-expression/-/helper-optimise-call-expression-7.29.7.tgz 16726ms (cache miss)
2419 http fetch GET 200 https://registry.npmjs.org/lru-cache/-/lru-cache-5.1.1.tgz 16881ms (cache miss)
2420 http fetch GET 200 https://registry.npmjs.org/@babel/helper-annotate-as-pure/-/helper-annotate-as-pure-7.29.7.tgz 16888ms (cache miss)
2421 http fetch GET 200 https://registry.npmjs.org/@babel/compat-data/-/compat-data-7.29.7.tgz 16944ms (cache miss)
2422 http fetch GET 200 https://registry.npmjs.org/@babel/helper-skip-transparent-expression-wrappers/-/helper-skip-transparent-expression-wrappers-7.29.7.tgz 16961ms (cache miss)
2423 http fetch GET 200 https://registry.npmjs.org/picocolors/-/picocolors-1.1.1.tgz 16947ms (cache miss)
2424 http fetch GET 200 https://registry.npmjs.org/@babel/helper-validator-identifier/-/helper-validator-identifier-7.29.7.tgz 17034ms (cache miss)
2425 http fetch GET 200 https://registry.npmjs.org/@babel/helper-member-expression-to-functions/-/helper-member-expression-to-functions-7.29.7.tgz 17416ms (cache miss)
2426 http fetch GET 200 https://registry.npmjs.org/@babel/helper-module-imports/-/helper-module-imports-7.29.7.tgz 17423ms (cache miss)
2427 http fetch GET 200 https://registry.npmjs.org/gensync/-/gensync-1.0.0-beta.2.tgz 17420ms (cache miss)
2428 http fetch GET 200 https://registry.npmjs.org/js-tokens/-/js-tokens-4.0.0.tgz 17419ms (cache miss)
2429 http fetch GET 200 https://registry.npmjs.org/convert-source-map/-/convert-source-map-2.0.0.tgz 17423ms (cache miss)
2430 http fetch GET 200 https://registry.npmjs.org/jsesc/-/jsesc-3.1.0.tgz 17720ms (cache miss)
2431 http fetch GET 200 https://registry.npmjs.org/debug/-/debug-4.4.3.tgz 18598ms (cache miss)
2432 http fetch GET 200 https://registry.npmjs.org/@babel/code-frame/-/code-frame-7.29.7.tgz 18605ms (cache miss)
2433 http fetch GET 200 https://registry.npmjs.org/validate-npm-package-name/-/validate-npm-package-name-7.0.2.tgz 18604ms (cache miss)
2434 http fetch GET 200 https://registry.npmjs.org/@babel/helper-compilation-targets/-/helper-compilation-targets-7.29.7.tgz 18621ms (cache miss)
2435 http fetch GET 200 https://registry.npmjs.org/stringify-object/-/stringify-object-5.0.0.tgz 19902ms (cache miss)
2436 http fetch GET 200 https://registry.npmjs.org/https-proxy-agent/-/https-proxy-agent-7.0.6.tgz 19906ms (cache miss)
2437 http fetch GET 200 https://registry.npmjs.org/kleur/-/kleur-4.1.5.tgz 19923ms (cache miss)
2438 http fetch GET 200 https://registry.npmjs.org/@babel/helper-string-parser/-/helper-string-parser-7.29.7.tgz 20139ms (cache miss)
2439 http fetch GET 200 https://registry.npmjs.org/deepmerge/-/deepmerge-4.3.1.tgz 20042ms (cache miss)
2440 http fetch GET 200 https://registry.npmjs.org/dedent/-/dedent-1.7.2.tgz 20043ms (cache miss)
2441 http fetch GET 200 https://registry.npmjs.org/content-type/-/content-type-2.0.0.tgz 20192ms (cache miss)
2442 http fetch GET 200 https://registry.npmjs.org/@types/validate-npm-package-name/-/validate-npm-package-name-4.0.2.tgz 20218ms (cache miss)
2443 http fetch GET 200 https://registry.npmjs.org/ansi-regex/-/ansi-regex-6.2.2.tgz 20289ms (cache miss)
2444 http fetch GET 200 https://registry.npmjs.org/isexe/-/isexe-2.0.0.tgz 20452ms (cache miss)
2445 http fetch GET 200 https://registry.npmjs.org/strip-ansi/-/strip-ansi-7.2.0.tgz 20463ms (cache miss)
2446 http fetch GET 200 https://registry.npmjs.org/@babel/preset-typescript/-/preset-typescript-7.29.7.tgz 20448ms (cache miss)
2447 http fetch GET 200 https://registry.npmjs.org/path-key/-/path-key-4.0.0.tgz 20454ms (cache miss)
2448 http fetch GET 200 https://registry.npmjs.org/kleur/-/kleur-3.0.3.tgz 20445ms (cache miss)
2449 http fetch GET 200 https://registry.npmjs.org/which/-/which-2.0.2.tgz 20454ms (cache miss)
2450 http fetch GET 200 https://registry.npmjs.org/@babel/helper-replace-supers/-/helper-replace-supers-7.29.7.tgz 20592ms (cache miss)
2451 http fetch GET 200 https://registry.npmjs.org/npm-run-path/-/npm-run-path-4.0.1.tgz 20462ms (cache miss)
2452 http fetch GET 200 https://registry.npmjs.org/mime-db/-/mime-db-1.54.0.tgz 20912ms (cache miss)
2453 http fetch GET 200 https://registry.npmjs.org/signal-exit/-/signal-exit-3.0.7.tgz 20534ms (cache miss)
2454 http fetch GET 200 https://registry.npmjs.org/onetime/-/onetime-5.1.2.tgz 20534ms (cache miss)
2455 http fetch GET 200 https://registry.npmjs.org/get-stream/-/get-stream-6.0.1.tgz 20521ms (cache miss)
2456 http fetch GET 200 https://registry.npmjs.org/is-stream/-/is-stream-2.0.1.tgz 20586ms (cache miss)
2457 http fetch GET 200 https://registry.npmjs.org/ignore/-/ignore-5.3.2.tgz 20760ms (cache miss)
2458 http fetch GET 200 https://registry.npmjs.org/argparse/-/argparse-2.0.1.tgz 21045ms (cache miss)
2459 http fetch GET 200 https://registry.npmjs.org/is-unicode-supported/-/is-unicode-supported-1.3.0.tgz 20643ms (cache miss)
2460 http fetch GET 200 https://registry.npmjs.org/human-signals/-/human-signals-2.1.0.tgz 20608ms (cache miss)
2461 http fetch GET 200 https://registry.npmjs.org/ora/-/ora-8.2.0.tgz 20825ms (cache miss)
2462 http fetch GET 200 https://registry.npmjs.org/strip-final-newline/-/strip-final-newline-2.0.0.tgz 20780ms (cache miss)
2463 http fetch GET 200 https://registry.npmjs.org/ansi-regex/-/ansi-regex-6.2.2.tgz 20801ms (cache miss)
2464 http fetch GET 200 https://registry.npmjs.org/call-bound/-/call-bound-1.0.4.tgz 21341ms (cache miss)
2465 http fetch GET 200 https://registry.npmjs.org/strip-ansi/-/strip-ansi-7.2.0.tgz 21253ms (cache miss)
2466 http fetch GET 200 https://registry.npmjs.org/semver/-/semver-6.3.1.tgz 22322ms (cache miss)
2467 http fetch GET 200 https://registry.npmjs.org/fuzzysort/-/fuzzysort-3.1.0.tgz 22283ms (cache miss)
2468 http fetch GET 200 https://registry.npmjs.org/braces/-/braces-3.0.3.tgz 22771ms (cache miss)
2469 http fetch GET 200 https://registry.npmjs.org/open/-/open-11.0.0.tgz 22843ms (cache miss)
2470 http fetch GET 200 https://registry.npmjs.org/esprima/-/esprima-4.0.1.tgz 23353ms (cache miss)
2471 http fetch GET 200 https://registry.npmjs.org/cross-spawn/-/cross-spawn-7.0.6.tgz 23346ms (cache miss)
2472 http fetch GET 200 https://registry.npmjs.org/body-parser/-/body-parser-2.2.2.tgz 23745ms (cache miss)
2473 http fetch GET 200 https://registry.npmjs.org/@babel/helper-validator-option/-/helper-validator-option-7.29.7.tgz 23574ms (cache miss)
2474 http fetch GET 200 https://registry.npmjs.org/express/-/express-5.2.1.tgz 23855ms (cache miss)
2475 http fetch GET 200 https://registry.npmjs.org/express-rate-limit/-/express-rate-limit-8.5.2.tgz 23991ms (cache miss)
2476 http fetch GET 200 https://registry.npmjs.org/tslib/-/tslib-2.8.1.tgz 24390ms (cache miss)
2477 http fetch GET 200 https://registry.npmjs.org/baseline-browser-mapping/-/baseline-browser-mapping-2.10.37.tgz 25910ms (cache miss)
2478 http fetch GET 200 https://registry.npmjs.org/json-schema-typed/-/json-schema-typed-8.0.2.tgz 25864ms (cache miss)
2479 http fetch GET 200 https://registry.npmjs.org/@babel/plugin-transform-modules-commonjs/-/plugin-transform-modules-commonjs-7.29.7.tgz 26578ms (cache miss)
2480 http fetch GET 200 https://registry.npmjs.org/picomatch/-/picomatch-4.0.4.tgz 26600ms (cache miss)
2481 http fetch GET 200 https://registry.npmjs.org/picomatch/-/picomatch-2.3.2.tgz 26795ms (cache miss)
2482 http fetch GET 200 https://registry.npmjs.org/browserslist/-/browserslist-4.28.2.tgz 28253ms (cache miss)
2483 http fetch GET 200 https://registry.npmjs.org/electron-to-chromium/-/electron-to-chromium-1.5.372.tgz 28507ms (cache miss)
2484 http fetch GET 200 https://registry.npmjs.org/execa/-/execa-5.1.1.tgz 28221ms (cache miss)
2485 http fetch GET 200 https://registry.npmjs.org/eventsource/-/eventsource-3.0.7.tgz 28891ms (cache miss)
2486 http fetch GET 200 https://registry.npmjs.org/path-browserify/-/path-browserify-1.0.1.tgz 29559ms (cache miss)
2487 http fetch GET 200 https://registry.npmjs.org/ajv-formats/-/ajv-formats-3.0.1.tgz 29718ms (cache miss)
2488 http fetch GET 200 https://registry.npmjs.org/source-map-js/-/source-map-js-1.2.1.tgz 30235ms (cache miss)
2489 http fetch GET 200 https://registry.npmjs.org/@babel/plugin-transform-typescript/-/plugin-transform-typescript-7.29.7.tgz 30030ms (cache miss)
2490 http fetch GET 200 https://registry.npmjs.org/dotenv/-/dotenv-17.4.2.tgz 30941ms (cache miss)
2491 http fetch GET 200 https://registry.npmjs.org/es-errors/-/es-errors-1.3.0.tgz 31418ms (cache miss)
2492 http fetch GET 200 https://registry.npmjs.org/commander/-/commander-14.0.3.tgz 31044ms (cache miss)
2493 http fetch GET 200 https://registry.npmjs.org/commander/-/commander-11.1.0.tgz 31043ms (cache miss)
2494 http fetch GET 200 https://registry.npmjs.org/@babel/helper-module-transforms/-/helper-module-transforms-7.29.7.tgz 31562ms (cache miss)
2495 http fetch GET 200 https://registry.npmjs.org/minimist/-/minimist-1.2.8.tgz 32045ms (cache miss)
2496 http fetch GET 200 https://registry.npmjs.org/@babel/template/-/template-7.29.7.tgz 31579ms (cache miss)
2497 http fetch GET 200 https://registry.npmjs.org/node-fetch/-/node-fetch-3.3.2.tgz 31995ms (cache miss)
2498 http fetch GET 200 https://registry.npmjs.org/eventsource-parser/-/eventsource-parser-3.1.0.tgz 32154ms (cache miss)
2499 http fetch GET 200 https://registry.npmjs.org/cosmiconfig/-/cosmiconfig-9.0.2.tgz 32246ms (cache miss)
2500 http fetch GET 200 https://registry.npmjs.org/qs/-/qs-6.15.2.tgz 32584ms (cache miss)
2501 http fetch GET 200 https://registry.npmjs.org/json5/-/json5-2.2.3.tgz 32427ms (cache miss)
2502 http fetch GET 200 https://registry.npmjs.org/@babel/helper-create-class-features-plugin/-/helper-create-class-features-plugin-7.29.7.tgz 32614ms (cache miss)
2503 http fetch GET 200 https://registry.npmjs.org/@jridgewell/sourcemap-codec/-/sourcemap-codec-1.5.5.tgz 33876ms (cache miss)
2504 http fetch GET 200 https://registry.npmjs.org/signal-exit/-/signal-exit-4.1.0.tgz 34109ms (cache miss)
2505 http fetch GET 200 https://registry.npmjs.org/source-map/-/source-map-0.6.1.tgz 34481ms (cache miss)
2506 http fetch GET 200 https://registry.npmjs.org/ts-morph/-/ts-morph-26.0.0.tgz 34059ms (cache miss)
2507 http fetch GET 200 https://registry.npmjs.org/object-inspect/-/object-inspect-1.13.4.tgz 34511ms (cache miss)
2508 http fetch GET 200 https://registry.npmjs.org/ip-address/-/ip-address-10.2.0.tgz 34392ms (cache miss)
2509 http fetch GET 200 https://registry.npmjs.org/iconv-lite/-/iconv-lite-0.7.2.tgz 34455ms (cache miss)
2510 http fetch GET 200 https://registry.npmjs.org/@jridgewell/gen-mapping/-/gen-mapping-0.3.13.tgz 34752ms (cache miss)
2511 http fetch GET 200 https://registry.npmjs.org/@jridgewell/remapping/-/remapping-2.3.5.tgz 35825ms (cache miss)
2512 http fetch GET 200 https://registry.npmjs.org/fast-uri/-/fast-uri-3.1.2.tgz 37619ms (cache miss)
2513 warn deprecated node-domexception@1.0.0: Use your platform's native DOMException instead
2514 http fetch GET 200 https://registry.npmjs.org/fs-extra/-/fs-extra-11.3.5.tgz 38951ms (cache miss)
2515 http fetch GET 200 https://registry.npmjs.org/shadcn/-/shadcn-4.11.0.tgz 38948ms (cache miss)
2516 http fetch GET 200 https://registry.npmjs.org/postcss-selector-parser/-/postcss-selector-parser-7.1.4.tgz 39157ms (cache miss)
2517 http fetch GET 200 https://registry.npmjs.org/@babel/parser/-/parser-7.29.7.tgz 39194ms (cache miss)
2518 http fetch GET 200 https://registry.npmjs.org/tailwind-merge/-/tailwind-merge-3.6.0.tgz 40282ms (cache miss)
2519 http fetch GET 200 https://registry.npmjs.org/enquirer/-/enquirer-2.4.1.tgz 41705ms (cache miss)
2520 http fetch GET 200 https://registry.npmjs.org/js-yaml/-/js-yaml-4.2.0.tgz 42361ms (cache miss)
2521 http fetch GET 200 https://registry.npmjs.org/@jridgewell/trace-mapping/-/trace-mapping-0.3.31.tgz 43272ms (cache miss)
2522 http fetch GET 200 https://registry.npmjs.org/recast/-/recast-0.23.11.tgz 43258ms (cache miss)
2523 http fetch GET 200 https://registry.npmjs.org/@babel/generator/-/generator-7.29.7.tgz 43392ms (cache miss)
2524 http fetch GET 200 https://registry.npmjs.org/minimatch/-/minimatch-10.2.5.tgz 43963ms (cache miss)
2525 http fetch GET 200 https://registry.npmjs.org/postcss/-/postcss-8.5.15.tgz 44403ms (cache miss)
2526 http fetch GET 200 https://registry.npmjs.org/@hono/node-server/-/node-server-1.19.14.tgz 44521ms (cache miss)
2527 http fetch GET 200 https://registry.npmjs.org/fast-glob/-/fast-glob-3.3.3.tgz 44575ms (cache miss)
2528 http fetch GET 200 https://registry.npmjs.org/prompts/-/prompts-2.4.2.tgz 47979ms (cache miss)
2529 http fetch GET 200 https://registry.npmjs.org/@babel/traverse/-/traverse-7.29.7.tgz 48036ms (cache miss)
2530 http fetch GET 200 https://registry.npmjs.org/tsconfig-paths/-/tsconfig-paths-4.2.0.tgz 48104ms (cache miss)
2531 http fetch GET 200 https://registry.npmjs.org/ast-types/-/ast-types-0.16.1.tgz 50565ms (cache miss)
2532 http fetch GET 200 https://registry.npmjs.org/jose/-/jose-6.2.3.tgz 51472ms (cache miss)
2533 http fetch GET 200 https://registry.npmjs.org/@dotenvx/dotenvx/-/dotenvx-1.71.3.tgz 52381ms (cache miss)
2534 http fetch GET 200 https://registry.npmjs.org/zod-to-json-schema/-/zod-to-json-schema-3.25.2.tgz 54280ms (cache miss)
2535 http fetch GET 200 https://registry.npmjs.org/@noble/ciphers/-/ciphers-1.3.0.tgz 54791ms (cache miss)
2536 http fetch GET 200 https://registry.npmjs.org/@babel/core/-/core-7.29.7.tgz 54937ms (cache miss)
2537 http fetch GET 200 https://registry.npmjs.org/diff/-/diff-8.0.4.tgz 55522ms (cache miss)
2538 http fetch GET 200 https://registry.npmjs.org/execa/-/execa-9.6.1.tgz 56541ms (cache miss)
2539 http fetch GET 200 https://registry.npmjs.org/@ts-morph/common/-/common-0.27.0.tgz 57475ms (cache miss)
2540 http fetch GET 200 https://registry.npmjs.org/web-streams-polyfill/-/web-streams-polyfill-3.3.3.tgz 58215ms (cache miss)
2541 http fetch GET 200 https://registry.npmjs.org/@babel/types/-/types-7.29.7.tgz 58294ms (cache miss)
2542 http fetch GET 200 https://registry.npmjs.org/@noble/hashes/-/hashes-1.8.0.tgz 58821ms (cache miss)
2543 http fetch GET 200 https://registry.npmjs.org/@babel/helpers/-/helpers-7.29.7.tgz 58624ms (cache miss)
2544 http fetch GET 200 https://registry.npmjs.org/@noble/curves/-/curves-1.9.7.tgz 58923ms (cache miss)
2545 http fetch GET 200 https://registry.npmjs.org/ajv/-/ajv-8.20.0.tgz 60650ms (cache miss)
2546 http fetch GET 200 https://registry.npmjs.org/zod/-/zod-3.25.76.tgz 63325ms (cache miss)
2547 http fetch GET 200 https://registry.npmjs.org/hono/-/hono-4.12.25.tgz 63686ms (cache miss)
2548 http fetch GET 200 https://registry.npmjs.org/@modelcontextprotocol/sdk/-/sdk-1.29.0.tgz 64095ms (cache miss)
2549 http fetch GET 200 https://registry.npmjs.org/caniuse-lite/-/caniuse-lite-1.0.30001799.tgz 71971ms (cache miss)
